Search phrase,Search count,% of all searches
templates,103,0.3
printable labels,70,0.2
label templates,62,0.18
x0015sjf7l,55,0.16
bss-92588-012,49,0.14
template,42,0.12
x001cnv351,41,0.12
printable label templates,40,0.12
bss-92588-036,39,0.11
bss-92588-001,38,0.11
bss-92588-005,37,0.11
purple cups,25,0.07
printable tabs,24,0.07
label template,20,0.06
bss bss-92588-001,20,0.06
check envelopes,16,0.05
bss-92588-007,16,0.05
llr83304,15,0.04
bss bss-92588-012,15,0.04
unv21200,14,0.04
printable label template,14,0.04
hanging file folder tabs,14,0.04
bss-92588-301,14,0.04
bss-92588-001 envelopes,14,0.04
sugar,13,0.04
quickbooks checks,13,0.04
envelope bss-92588-012,13,0.04
ave22806,13,0.04
free templates,12,0.04
culture,12,0.04
cgw24514ct,12,0.04
bwk1500,12,0.04
bss-92588-1066,12,0.04
bss-92588-004,12,0.04
beverage napkins,12,0.04
ave8366,12,0.04
06-5bhm-5l9q,12,0.04
sanitizer,11,0.03
quickbooks check envelopes,11,0.03
double window security envelope,11,0.03
cms-1500 claim forms,11,0.03
bss-92588-003,11,0.03
92588-012,11,0.03
3m natural blend 3300 white floor pad 24 diameter 5 pads,11,0.03
x001bxx521,10,0.03
trknp310a,10,0.03
paper clip,10,0.03
crayons,10,0.03
bss-92588-932,10,0.03
bss-92588-915,10,0.03
92588-001,10,0.03
x001b0tnrz,9,0.03
remittance envelopes,9,0.03
pages free,9,0.03
llr84869,9,0.03
hanging file folders templates,9,0.03
hanging file folder template,9,0.03
free printable label templates,9,0.03
enneagram,9,0.03
bwk1529,9,0.03
black pen,9,0.03
9x12,9,0.03
tax folders,8,0.02
printable templates,8,0.02
gjo22770,8,0.02
garbage bags,8,0.02
double window security envelopes,8,0.02
bubble mailer,8,0.02
bss-92588-365,8,0.02
bss-92588-043,8,0.02
92588-007,8,0.02
staple gun,7,0.02
quickbooks envelopes,7,0.02
lv-f69p-a3c1,7,0.02
hippa,7,0.02
heavy duty stapler,7,0.02
coffee creamer singles,7,0.02
chalk,7,0.02
bss-92588-922,7,0.02
bss-92588-002,7,0.02
bss-7007,7,0.02
boardwalk,7,0.02
avery labels,7,0.02
500 blank check stock,7,0.02
13 gallon trash bags,7,0.02
11x17,7,0.02
x001botnrz,6,0.02
toilet paper dispensers,6,0.02
steno pad,6,0.02
standard office procedures,6,0.02
smiles,6,0.02
smile,6,0.02
shipping tape,6,0.02
rz-rmq2-mun4,6,0.02
receipt book,6,0.02
quickbooks invoice envelopes,6,0.02
printable labels templates,6,0.02
pine sol,6,0.02
office chair,6,0.02
novex,6,0.02
laminating pouches,6,0.02
holiday,6,0.02
habit,6,0.02
gojo,6,0.02
gift,6,0.02
free printable label template,6,0.02
envelopes bss-92588-005,6,0.02
double window security envelope 92588,6,0.02
cork board,6,0.02
cms1500,6,0.02
bss-92588-009,6,0.02
bss-92588-006,6,0.02
bss-10018,6,0.02
bss-10016,6,0.02
8 double window security check envelopes for quickbooks flip and seal 500 count,6,0.02
8 double window security check envelopes for quickbooks flip and seal 500,6,0.02
1099-nec 5-part,6,0.02
1099-int,6,0.02
1096 transmittal,6,0.02
10 left single window security envelopes,6,0.02
wau80211,5,0.01
vapor barrier tape,5,0.01
unv24200,5,0.01
universal paper,5,0.01
trash bag,5,0.01
thermal paper 3 1/8,5,0.01
swingline staples,5,0.01
staples for stapler,5,0.01
sign here,5,0.01
red envelopes,5,0.01
printer,5,0.01
post it flags,5,0.01
plastic pencil box,5,0.01
pages/free,5,0.01
notepad,5,0.01
no 8 flip and seal,5,0.01
multifold paper towels,5,0.01
mini binder printables,5,0.01
leadership,5,0.01
label printer,5,0.01
keurig,5,0.01
index divider tabs,5,0.01
hanging file folders template,5,0.01
hammermill,5,0.01
free pages,5,0.01
epson workforce,5,0.01
cottonelle,5,0.01
check template,5,0.01
check paper,5,0.01
chalk holder,5,0.01
cgw24514,5,0.01
bss-92588-1046,5,0.01
bss-92588-1004,5,0.01
bss-92588-013,5,0.01
bss-92588-010,5,0.01
bss-10015,5,0.01
bsn36591,5,0.01
blue pens,5,0.01
best,5,0.01
aagpm2628,5,0.01
8 double window security check envelopes for quickbooks self seal 500 count,5,0.01
10x15,5,0.01
1099 nec,5,0.01
zpezuall32ct,4,0.01
x0018ugfkb,4,0.01
ver98106,4,0.01
team building,4,0.01
tacking,4,0.01
tab template,4,0.01
swiffer,4,0.01
steno pads,4,0.01
staple gun sizes,4,0.01
spray bottle,4,0.01
sign here stickers,4,0.01
shell shock,4,0.01
resume,4,0.01
receipt books,4,0.01
rac99716,4,0.01
product brand test,4,0.01
printed envelopes,4,0.01
post it tabs,4,0.01
poly bubble mailers,4,0.01
plastic comb binder size chart,4,0.01
paper mate,4,0.01
paper cutter,4,0.01
padded envelopes,4,0.01
office supplies,4,0.01
mmmdefcloth,4,0.01
lysol spray,4,0.01
leo74541,4,0.01
left window,4,0.01
laptop stand,4,0.01
label maker,4,0.01
kind,4,0.01
initial,4,0.01
huntsville,4,0.01
hp 952xl,4,0.01
hp 206a,4,0.01
highlighters,4,0.01
health insurance forms,4,0.01
hcfa-1500 claim,4,0.01
hanging file folders labels,4,0.01
hanging file folder printable label templates,4,0.01
half size binder,4,0.01
half inch binders,4,0.01
green mountain coffee,4,0.01
grayscale,4,0.01
granola,4,0.01
fun job,4,0.01
free printable label,4,0.01
free label template,4,0.01
free blue summit labels,4,0.01
forks,4,0.01
fork,4,0.01
folder with metal clasp,4,0.01
flip press seal check envelopes,4,0.01
filing cabinet,4,0.01
filing boxes,4,0.01
file folder template,4,0.01
fasco,4,0.01
envelopes 8-5/8,4,0.01
enneagrams,4,0.01
end tab fastener file folders,4,0.01
double window security envelopes self seal,4,0.01
diy,4,0.01
divider template,4,0.01
distilled water,4,0.01
dccy12tpk,4,0.01
coffee creamer,4,0.01
career,4,0.01
cardstock,4,0.01
bubble mailers for 1 1/2 inch binder,4,0.01
bss92588007,4,0.01
bss-92588-325,4,0.01
bss-92588-302,4,0.01
bss-92588-1070,4,0.01
bss-92588-1069,4,0.01
bss-92588-1068,4,0.01
bss-92588-1067,4,0.01
bss-7018,4,0.01
bss-10017,4,0.01
blue summett supplies 25 two pocket folders with prongs designed for office and classroom use yellow,4,0.01
blue pen,4,0.01
blank w-2,4,0.01
black pens,4,0.01
binderd,4,0.01
aa batteries,4,0.01
9x12 envelopes,4,0.01
9 double window security envelopes,4,0.01
81/2x11,4,0.01
8 tab divider template,4,0.01
6x9 envelopes,4,0.01
500 self seal double,4,0.01
4-1 binder,4,0.01
206x,4,0.01
2021 w-2,4,0.01
101035359,4,0.01
10 left single window,4,0.01
10 double,4,0.01
1/8 tab template,4,0.01
1/5 tab dividers,4,0.01
1/5 sticker labels,4,0.01
yellow copy paper,3,0.01
yellow binder,3,0.01
xoo1cnv351,3,0.01
x001e179gd,3,0.01
x001blmgp5,3,0.01
x001az4vov,3,0.01
x0019szscn,3,0.01
when were self seal envelopes used commercially,3,0.01
vacation,3,0.01
ux-by4f-6oc2,3,0.01
ux-by4f-60c2,3,0.01
top63980,3,0.01
toilet paper,3,0.01
tfp tax,3,0.01
tax right,3,0.01
student assignment book,3,0.01
staples size,3,0.01
staples for staple gun,3,0.01
standing desk,3,0.01
stamp kiosk,3,0.01
soft binders,3,0.01
simple green,3,0.01
sharpies,3,0.01
sharpie highlighters,3,0.01
sharpie gel,3,0.01
seam tape,3,0.01
scotch tape pack,3,0.01
san1742663dz,3,0.01
san mig cali,3,0.01
ripple cup,3,0.01
return address envelope,3,0.01
remote work,3,0.01
references on personality,3,0.01
red pens,3,0.01
rainbow tabs,3,0.01
printable label,3,0.01
pretzels,3,0.01
powerpoint,3,0.01
poly envelopes 11 x 17,3,0.01
podcast,3,0.01
pocket folders expandable 2,3,0.01
pfx84190gw,3,0.01
peanut m&m,3,0.01
paper bag,3,0.01
pandemic,3,0.01
page protectors,3,0.01
padded mailers,3,0.01
office sign in sheet,3,0.01
office mvp,3,0.01
of roll of postage stamps,3,0.01
notepads,3,0.01
no 8 envelope,3,0.01
narrow staples,3,0.01
mmm18213,3,0.01
mini staples,3,0.01
linen like,3,0.01
light bulbs,3,0.01
ledger paper,3,0.01
leadership activities,3,0.01
lay 14867,3,0.01
larry,3,0.01
label tab template,3,0.01
kleenex facial,3,0.01
keurig filter,3,0.01
job searching,3,0.01
j5700,3,0.01
j5100,3,0.01
invisible tape,3,0.01
integra,3,0.01
insurance claim forms,3,0.01
income tax,3,0.01
ibss334016k,3,0.01
hp410x,3,0.01
hp362,3,0.01
how to make envelopes,3,0.01
how os browser history saved,3,0.01
hefty,3,0.01
hanging file labels,3,0.01
hanging file folder legal,3,0.01
hanging file folder labels,3,0.01
hanging file folder frames legal size,3,0.01
hammermill paper,3,0.01
hammermill copy paper,3,0.01
green paper,3,0.01
gratitude,3,0.01
gpc89740,3,0.01
gjo25251,3,0.01
gjo24080,3,0.01
gjo03196,3,0.01
free tools for teachers,3,0.01
free templates printable templates,3,0.01
free printable templates,3,0.01
folder templates,3,0.01
folder manila letter size,3,0.01
file jackets letter size 2 expansion 25 pack,3,0.01
file folder templates,3,0.01
file cabinet,3,0.01
face masks,3,0.01
epst802xl120-s,3,0.01
epson,3,0.01
envelopes template,3,0.01
dry erase clipboards,3,0.01
does the bank have a notary on staff,3,0.01
document holder,3,0.01
distilled,3,0.01
dimension of iso 216,3,0.01
die60052101ct,3,0.01
device,3,0.01
copier paper,3,0.01
computer check envelopes,3,0.01
colored paper,3,0.01
cms medical claims form,3,0.01
cider,3,0.01
certificate holder,3,0.01
bwk1502,3,0.01
business source ruled index cards 5 x 3 white 100 pack,3,0.01
bup3woibfc,3,0.01
bss-92588-934,3,0.01
bss-92588-913,3,0.01
bss-92588-751,3,0.01
bss-92588-725,3,0.01
bss-92588-716,3,0.01
bss-92588-706,3,0.01
bss-92588-336,3,0.01
bss-92588-042,3,0.01
bss-92588-020,3,0.01
bss-92588-014,3,0.01
bss-92588-011,3,0.01
bss-92588-008,3,0.01
bss-7017,3,0.01
bsn78492,3,0.01
bride keeping own name,3,0.01
bounty,3,0.01
book bags by bulk,3,0.01
blue summit template,3,0.01
blue summit supplies 2 file jackets reinforced straight tab 2 expansion pocket letter size assorted colors,3,0.01
binder tabs,3,0.01
bag,3,0.01
backpack,3,0.01
ave22822,3,0.01
attendance calendar,3,0.01
at a glance,3,0.01
alcohol wipes,3,0.01
airmail envelopes,3,0.01
a5 binder,3,0.01
952xl,3,0.01
92588-003,3,0.01
9/16 staple,3,0.01
8 envelopes check,3,0.01
8 double window security check envelopes for quickbooks self seal 500 count × 1,3,0.01
6x9,3,0.01
63xl,3,0.01
60 gallon trash bags,3,0.01
6 x 9,3,0.01
6 3/4 security envelopes,3,0.01
4 up forms,3,0.01
31820,3,0.01
3 ring only,3,0.01
2j-x38o-acex,3,0.01
26/6 staples,3,0.01
2021 1099 nec,3,0.01
12 pack heavy duty packaging tape,3,0.01
11x17 paper,3,0.01
1099-nec 2021,3,0.01
101037709,3,0.01
101037708,3,0.01
101037486,3,0.01
101035367,3,0.01
101034954,3,0.01
101018929,3,0.01
10 single left window security flip and seal,3,0.01
10 left single window security envelope,3,0.01
10 double window security envelopes flip and seal 500 count 5,3,0.01
1/5 tab dividers templates,3,0.01
1/5 tab divider template,3,0.01
感恩节卡,2,0.01
zippered binders,2,0.01
zippered binder,2,0.01
zep cleaner,2,0.01
x001rwx1vl,2,0.01
x001bybrb1,2,0.01
x001b0tnerz,2,0.01
write the address in order:northshine _ jane brown mrs_ 26 _ charles worthread_ holybhang_marden _nh 16b,2,0.01
wrist support,2,0.01
wireless printer,2,0.01
wireless mouse,2,0.01
window envelopes for quick book checks,2,0.01
whiteboard cleaner,2,0.01
white board 30 paxk,2,0.01
white board 30 pack,2,0.01
whistle,2,0.01
where to put the stamp,2,0.01
where to buy document stamp,2,0.01
where can i get a simple answer will notarized,2,0.01
what is resealable envelope,2,0.01
what is affiliate marketing,2,0.01
warran central high,2,0.01
wallet flap envelopes,2,0.01
wall calendar,2,0.01
w2c,2,0.01
w-2s,2,0.01
w-2 forms,2,0.01
w-2 3 up tax forms,2,0.01
upholstery staples and gun,2,0.01
upholstery,2,0.01
unv96920,2,0.01
tri fold paper towels,2,0.01
tops double sheet legal pads perforated narrow rule 8.5 x 11.75 canary 100 sheets 6 pack,2,0.01
top65029,2,0.01
top63900,2,0.01
top20243,2,0.01
tie wrap,2,0.01
thumb drive,2,0.01
three row label template,2,0.01
three ring binder,2,0.01
three hole punch,2,0.01
tfp download,2,0.01
tfp 2019,2,0.01
templates and designs,2,0.01
template printable,2,0.01
template for hanging folder,2,0.01
teachers,2,0.01
tax supply vendor,2,0.01
tax return,2,0.01
tacking stapler,2,0.01
tabloid size folder,2,0.01
tabbed-divider-template,2,0.01
t802xl120-s,2,0.01
t30 stapler staple size chart,2,0.01
t-4,2,0.01
syrup,2,0.01
sugar packets,2,0.01
strategies used in developing brand personality,2,0.01
sticky tack,2,0.01
stick pens,2,0.01
staples for wood,2,0.01
staples 23/6,2,0.01
staples 10 mm,2,0.01
staplers,2,0.01
staple pen,2,0.01
standard office procedure,2,0.01
standard office,2,0.01
standard binder paper sizes,2,0.01
stackable bins,2,0.01
spr18726,2,0.01
software download,2,0.01
snh200414,2,0.01
sizes bubble mailer,2,0.01
size 4-1/8 x 9-3/4 inches,2,0.01
six inch scale,2,0.01
shredder,2,0.01
shop towels,2,0.01
sharpie pens,2,0.01
sel88655,2,0.01
security envelope number 8,2,0.01
secretary,2,0.01
scott toilet paper,2,0.01
scott,2,0.01
scale tickets,2,0.01
san28101,2,0.01
san jamar,2,0.01
rol22191,2,0.01
ripple cups,2,0.01
ripple,2,0.01
ring binder1/2,2,0.01
rfpc20016,2,0.01
return address envelopes,2,0.01
resume paper,2,0.01
remit envelopes,2,0.01
refill soap,2,0.01
red w-2 2 part 2021,2,0.01
reacher,2,0.01
rd00202-aa,2,0.01
rcp1820579,2,0.01
quickbook invoice checks,2,0.01
punchless binders,2,0.01
ptw1143a,2,0.01
protractor,2,0.01
pros and con,2,0.01
printing paper,2,0.01
printing calculators,2,0.01
printing calculator,2,0.01
printer ribbon,2,0.01
printables,2,0.01
printable worksheets,2,0.01
printable tabs template,2,0.01
printable labels for hanging folders,2,0.01
print label templates,2,0.01
pressboard classification folders,2,0.01
pqp20025,2,0.01
power fast pro 2000,2,0.01
post it notes 2 x 2,2,0.01
plastic ware,2,0.01
plastic report covers,2,0.01
plain envelopes,2,0.01
pinesol,2,0.01
pfxr752131,2,0.01
pfx75313,2,0.01
pfx45270,2,0.01
perk krt,2,0.01
pencil bags bulk,2,0.01
penbln75a,2,0.01
pel1772057,2,0.01
pctyhlb09010000,2,0.01
pastel sticky notes,2,0.01
pastel,2,0.01
paperclips,2,0.01
paperclip,2,0.01
paper tray,2,0.01
paper towels dispenser,2,0.01
paper tabs,2,0.01
paper cupa,2,0.01
paper 11 x 17,2,0.01
palte,2,0.01
page protectors for binder,2,0.01
page dividers,2,0.01
organize your files,2,0.01
order 10102,2,0.01
order,2,0.01
ofx00630,2,0.01
ocean file foldes,2,0.01
number 10,2,0.01
notary,2,0.01
notarize,2,0.01
non medical face mask,2,0.01
nle101264,2,0.01
nle100585,2,0.01
mousepad,2,0.01
monitor,2,0.01
modesty,2,0.01
mini tabs,2,0.01
mini stapler,2,0.01
mini binders junior,2,0.01
mini 3 ri g binders,2,0.01
miiven6143n,2,0.01
mfa,2,0.01
metric,2,0.01
metal ring only,2,0.01
men sitting in rolls chair,2,0.01
memo pads 4 x 6,2,0.01
memo holder,2,0.01
meeting desk,2,0.01
medical folder divider tabs,2,0.01
maxify,2,0.01
masks,2,0.01
manilla envelopes,2,0.01
manila envelope,2,0.01
llr83308,2,0.01
letter size 3 ring index dividers white 1/8 tab cut 12 sets,2,0.01
letter practice for kindergarten,2,0.01
leo 74541,2,0.01
legal envelopes,2,0.01
ledger hanging file holder,2,0.01
larry bucks,2,0.01
lap whiteboards,2,0.01
laminator,2,0.01
label tape,2,0.01
label machine,2,0.01
knife,2,0.01
key tags,2,0.01
k cups,2,0.01
jumbo paper clips,2,0.01
jumbo clips,2,0.01
insurance forms,2,0.01
ink pens,2,0.01
indispensable,2,0.01
index dividers,2,0.01
if i choose click clear data when cleaning my cache will it delete my files,2,0.01
huntsville alabama,2,0.01
hp laser jet pro 15,2,0.01
hp black,2,0.01
hp 63xl,2,0.01
hp 202,2,0.01
how to print on index dividers,2,0.01
how to print labels for binder dividers,2,0.01
how to load an industrial staple gun in,2,0.01
how to clear google emails,2,0.01
how many inches have in one ruler,2,0.01
how do i clear the cache on my samsong galaxy s7,2,0.01
home file organizing categories,2,0.01
hole puncher,2,0.01
health insurance claim form,2,0.01
hardwound,2,0.01
happy hour,2,0.01
hanging folders template,2,0.01
hanging file template,2,0.01
hanging file frame,2,0.01
hanging file folders label template,2,0.01
hanging file folder tabs templates,2,0.01
hanging file folder tabs template,2,0.01
hanging file folder tab template,2,0.01
hanging file folder label,2,0.01
hanging file bars,2,0.01
hand towel dispenser,2,0.01
hand towel,2,0.01
hand cleaner,2,0.01
hammermill paper for copy 8.5x11 laser inkjet colored paper 30% recycled,2,0.01
ham 103366ct,2,0.01
ham 103309,2,0.01
guides,2,0.01
guess how many,2,0.01
green copy paper,2,0.01
grabber,2,0.01
gpc96019ct,2,0.01
gpc96019,2,0.01
goj365912ct,2,0.01
gn1f1406sts,2,0.01
gmt6520ct,2,0.01
gjo24081,2,0.01
gjo11257ct,2,0.01
germx,2,0.01
geometry,2,0.01
genuine joe toilet tissue bathroom tissue jumbo roll 2-ply 12 rolls,2,0.01
free template for file folders,2,0.01
free printables,2,0.01
free printable lables,2,0.01
free printable labels,2,0.01
free printable,2,0.01
free print,2,0.01
free label templates,2,0.01
free label template hanging file,2,0.01
free binder tab dividers,2,0.01
fountain pens,2,0.01
forms 1099 and 1096,2,0.01
form 1099-int,2,0.01
folder tab templates,2,0.01
folder letter manila,2,0.01
folder for 200 pages of paper,2,0.01
flexible binders,2,0.01
flash drive,2,0.01
filing folder labels,2,0.01
file tab templates,2,0.01
file folder label printer,2,0.01
expansion folders,2,0.01
events,2,0.01
envelopes quickbooks invoices,2,0.01
envelopes 8 5/8,2,0.01
envelopes 1099 nec,2,0.01
envelopes 10 x 13,2,0.01
envelope thickness,2,0.01
envelope moistener,2,0.01
endust,2,0.01
end tab fastener file folders straight cut tab durable 2 prongs,2,0.01
employee calendar,2,0.01
ego50020,2,0.01
dym30857,2,0.01
dvod03905a,2,0.01
dvocb508171ct,2,0.01
dvocb50817,2,0.01
duties of a good receptionist,2,0.01
dunkin,2,0.01
dry erase magnetic labels,2,0.01
download,2,0.01
double window security envelope 8,2,0.01
double window security check envelopes for quickbooks self seal 500 count,2,0.01
double window peel,2,0.01
double window envelope,2,0.01
dot grid,2,0.01
doganzarf,2,0.01
document stand,2,0.01
divider tab templates,2,0.01
divider tab template,2,0.01
desktop calendar,2,0.01
desk calendars,2,0.01
deli wrap,2,0.01
delegation,2,0.01
decorative wall board,2,0.01
day of giving,2,0.01
dawn,2,0.01
d8200,2,0.01
custom printed greeting card envelopes,2,0.01
custom greeting card envelopes,2,0.01
custom envelope,2,0.01
cubbies,2,0.01
crayon,2,0.01
craftsman.staple gun.968428,2,0.01
craftsman.staple gun.68428,2,0.01
craftsman,2,0.01
cpc03562,2,0.01
cost of a roll of stamps,2,0.01
cork,2,0.01
construction paper,2,0.01
conflict,2,0.01
compressed air canister,2,0.01
colored copy paper,2,0.01
color tape,2,0.01
color scheme for classroom,2,0.01
coffee lids,2,0.01
cnmcrtdg054hbk,2,0.01
cms-1500 form security envelopes,2,0.01
cms-1500 form envelopes no peel self seal 500 count × 5 of 10,2,0.01
cms-1500 form envelopes,2,0.01
cms-1500,2,0.01
cms 1500 forms,2,0.01
cms 1500 form envelopes,2,0.01
cms 1500 form,2,0.01
cms 1500,2,0.01
clear tabs,2,0.01
clear cups,2,0.01
clear cover folder,2,0.01
clear cover,2,0.01
classroom stationary desighn ideas,2,0.01
classification folders with 1 divider letter size dark blue 10 count folders blue summit supplies blue summit supplies blue summit supplies classification folders letter size 1-divider,2,0.01
clasp envelopes,2,0.01
circle of control,2,0.01
checks blank,2,0.01
check software,2,0.01
change management,2,0.01
chairs,2,0.01
chair mat,2,0.01
center cut fastener folder,2,0.01
cd30252,2,0.01
cash envelopes,2,0.01
case of letter size paper,2,0.01
caryons,2,0.01
cardboard ring binders,2,0.01
can i buy stamps from the ups store,2,0.01
calculator paper,2,0.01
bwk8300k,2,0.01
bwk1501,2,0.01
business source labels,2,0.01
business name stamps,2,0.01
business envelopes with return address,2,0.01
business advisor,2,0.01
bulky,2,0.01
bubble envelope,2,0.01
bu-p3wo-ibfc,2,0.01
bss92588370,2,0.01
bss92588012,2,0.01
bss92588001,2,0.01
bss-92588-914,2,0.01
bss-92588-752,2,0.01
bss-92588-748,2,0.01
bss-92588-745,2,0.01
bss-92588-735,2,0.01
bss-92588-503,2,0.01
bss-92588-421,2,0.01
bss-92588-401,2,0.01
bss-92588-378,2,0.01
bss-92588-374,2,0.01
bss-92588-363,2,0.01
bss-92588-354,2,0.01
bss-92588-330,2,0.01
bss-92588-326,2,0.01
bss-92588-324,2,0.01
bss-92588-323,2,0.01
bss-92588-312,2,0.01
bss-92588-1095,2,0.01
bss-92588-1092,2,0.01
bss-92588-017,2,0.01
bss-92588-015,2,0.01
bss-9258-005,2,0.01
bss-92558-036,2,0.01
bss-29588-010,2,0.01
bss bss-92588-002,2,0.01
bsn62474,2,0.01
bsn36591ct,2,0.01
bsn26746,2,0.01
bsn16462pk,2,0.01
bsn 36665,2,0.01
brown roll towels,2,0.01
brother printer,2,0.01
brother p touch,2,0.01
br-101034953,2,0.01
bookmark,2,0.01
boba straw,2,0.01
bm5,2,0.01
blue summit supply 10 envelope,2,0.01
blue summit supplies plastic file folders 1/3 tab assorted colors 30 pack,2,0.01
blue summit supplies 3 ring binder dividers with reinforced edge 1/5 cut tabs letter size 3 hole punch section index dividers for binders white 100 page divider pack,2,0.01
blue divider tabs,2,0.01
blaster,2,0.01
blank check paper,2,0.01
blank check,2,0.01
binder index labels,2,0.01
binder divider template,2,0.01
binder dimensions,2,0.01
bic gel,2,0.01
banker box,2,0.01
bag holder,2,0.01
back to school,2,0.01
b600,2,0.01
b series paper,2,0.01
ave4132,2,0.01
ave05453,2,0.01
asianet news,2,0.01
areiyth,2,0.01
application mail,2,0.01
advil,2,0.01
adding machine paper,2,0.01
acc72360,2,0.01
abftc1182,2,0.01
aagpm2828,2,0.01
aage7175022,2,0.01
aage7175021,2,0.01
aag e7175021,2,0.01
aaa batteries,2,0.01
9x12 envelope,2,0.01
9x12 catalog envelopes,2,0.01
97 bright paper,2,0.01
962xl,2,0.01
92588-005,2,0.01
925688-005,2,0.01
9 remittance,2,0.01
9 double window security envelopes flip and seal,2,0.01
9 double window,2,0.01
9 by 12 inch envelopes,2,0.01
855-92588-005,2,0.01
800-9,2,0.01
8.5x11,2,0.01
8.5 x 5.5 binder,2,0.01
8-3/4 x 3-1/2 envelope,2,0.01
8 double window security check envelopes for quickbooks flip and seal 500 count × 1,2,0.01
8 double window security check envelopes for quickbooks,2,0.01
8 check envelopes without windows,2,0.01
7.95 shipping with tracking envelope,2,0.01
7 compartment desk organizer metal mesh,2,0.01
67xl,2,0.01
6.5 x 9.5 booklet envelopes,2,0.01
6.5 x 9.5 booklet,2,0.01
6 x 9 envelope,2,0.01
6 x 6 magnetic labels,2,0.01
6 scale,2,0.01
6 ring 3.5 x 6,2,0.01
6 ring 3.5,2,0.01
6 pack plastic folders,2,0.01
6 measuring scale,2,0.01
6 3/4 remittance envelopes,2,0.01
51 template,2,0.01
500 flip press seal check envelopes,2,0.01
500 cms 1500 form envelopes self seal,2,0.01
500 cms 1500 form envelopes,2,0.01
5/8 binder,2,0.01
5 tab dividers template,2,0.01
5 7 template,2,0.01
44571,2,0.01
4.3 x 6.3 inches,2,0.01
30 pack dry erase lapboard classroom set includes 30 markers 30 erasers lapboard 9 x 12 inch,2,0.01
3/4 in 1 1/2 in staples,2,0.01
3 x 5 binders,2,0.01
3 up nec paper,2,0.01
3 ring hole punch,2,0.01
2taqz6j3zg,2,0.01
29588-010,2,0.01
28794,2,0.01
24mm leg length 15/16 inch,2,0.01
23/8 staples,2,0.01
23/6 staples,2,0.01
23/20 stapler,2,0.01
23/13 staples,2,0.01
206a,2,0.01
2022 planner,2,0.01
2022 calendar,2,0.01
2021 w-2's 4 up,2,0.01
2021 blank w-2 4 up,2,0.01
20 oz cups,2,0.01
2 x 2 post it notes,2,0.01
2 ply,2,0.01
16oz,2,0.01
143a,2,0.01
14 point colored file folders,2,0.01
12oz,2,0.01
12j12,2,0.01
11x17 folder,2,0.01
1099nec,2,0.01
1099g form,2,0.01
1099g,2,0.01
1099-misc tax form,2,0.01
1099 software,2,0.01
1099 printing,2,0.01
1099 nec template,2,0.01
1099 nec forms blank,2,0.01
1099 nec forms,2,0.01
1099 nec envelopes 2021,2,0.01
1099 nec envelopes,2,0.01
1099 nec efile cost,2,0.01
1099 nec 3 part,2,0.01
1099 nec 2021,2,0.01
1099 misc tax form envelopes gummed seal 500,2,0.01
1099 forms,2,0.01
1099 blank,2,0.01
101035300,2,0.01
101035299,2,0.01
101035298,2,0.01
101035297,2,0.01
101018970,2,0.01
10 x 13 security envelope,2,0.01
10 windowless,2,0.01
10 security self seal envelopes 500 box,2,0.01
10 remittance,2,0.01
10 mm with staples,2,0.01
10 left single windows security envelopes,2,0.01
10 envelopes windowless peel and stick flap,2,0.01
10 double window security envelopes,2,0.01
10 double window envelope,2,0.01
1/8 tab dividers white,2,0.01
1/5 tab insert divider template,2,0.01
1/5 cut tab labels,2,0.01
1 x 3 post it,2,0.01
1 of 50 manila fastener file folders 1/3 cut reinforced tab durable 2 prongs bonded fastener designed to organize standard medical files law client fi,2,0.01
1 left window 10 self-seal double window,2,0.01
感恩节多谢曾经帮过我嘅人,1,0
াহদড,1,0
zpe318524,1,0
zippered envelope,1,0
zipper 3 ring binder,1,0
ziploc bags,1,0
zinc batteries,1,0
zebra blue pens,1,0
z4-yk5b-gfsd,1,0
z001b0tnrz,1,0
yellow tablet,1,0
yellow sticky tabs,1,0
yellow printer paper,1,0
xoo1qo1fkl,1,0
xoo1bxx521,1,0
xoo1botnrz,1,0
xoo19szscn,1,0
xoo19sopox,1,0
xerox paper,1,0
x4 1/2 x 9 1/2 security envelopes,1,0
x002vc8uux,1,0
x002eu5c5n,1,0
x002cym0z1,1,0
x002as1x7z,1,0
x0029sm6n1,1,0
x001x1tr23,1,0
x001x1sjtf,1,0
x001t158t3,1,0
x001q0ifkl,1,0
x001nmgvt9,1,0
x001n5s7l1,1,0
x001lsaac9,1,0
x001ls9p1l,1,0
x001lmgps,1,0
x001lm95an,1,0
x001gl1g59,1,0
x001ghx2qv,1,0
x001djv88v,1,0
x001cnv,1,0
x001bzm72d,1,0
x001bmgp5,1,0
x001blmgps,1,0
x001az4z0z,1,0
x0019s0pox,1,0
x0019s0p0x,1,0
x00195zscn,1,0
x0015f7ls,1,0
x0015f7l,1,0
x0015,1,0
x00115sjf7l,1,0
x00106701r,1,0
x001,1,0
x000xvx,1,0
x0001cnv351,1,0
www.bluesummitsupplies.com,1,0
"www.b;uesummitsupplies.c,/pages.free",1,0
writing tablets,1,0
write and wipe covers,1,0
write and wipe,1,0
wristband,1,0
wreath,1,0
workspace organizers,1,0
work tracker,1,0
work order books,1,0
work order,1,0
word download,1,0
wooden pencil,1,0
wood and leather,1,0
wire rack,1,0
wire mouse,1,0
wire cart,1,0
wings,1,0
wine box,1,0
wine,1,0
windowless no 9 envelopes,1,0
windowless 9 envelopes,1,0
windowless,1,0
windowles,1,0
window folders,1,0
window folder,1,0
window clean,1,0
windex,1,0
wide vs narrow,1,0
wide crown staples,1,0
who is tesla owner,1,0
who is larry,1,0
whiteboards and clipboards,1,0
whiteboard storage,1,0
whiteboard plastic covers,1,0
whiteboard 48 by 36,1,0
whiteboard 3 x 4,1,0
white two pocket with prong folder,1,0
white tack,1,0
white plastic folders,1,0
white copy paper,1,0
white boards 48 x 36,1,0
white boards 4 ft x 5 ft,1,0
white board spray,1,0
white board parts,1,0
white board cleaner,1,0
white binder dividers,1,0
white 9x12 envelopes,1,0
white 6x9,1,0
which envelope is used to carry items that can be easily broken,1,0
where to hang a corkboard,1,0
where sells staples near me,1,0
when were self seal envelopes first used,1,0
what traits are available as indicated by the brand personality map,1,0
what tax forms do i use for non tax filers for child credit,1,0
what size staples for upholstery,1,0
what size staple is used for stapling a patio rug to a wood deck to keep it from blowing up during a windy day,1,0
what size standley oe arrows staples i use for velvet fabric on a wooden seat,1,0
what mm is 23 gauge,1,0
what is the width of staple 23/6,1,0
what is the smallest staple avail,1,0
what is next for an office manager position,1,0
what is an scb3 staple,1,0
what is a number 6 envelope size,1,0
what is 26 size staple size,1,0
what is 20 metrics,1,0
what does the 10 mean on my staple gun it reads as 13/4-10,1,0
wet wipes,1,0
wet erase,1,0
weigh tickets,1,0
wedding stamps,1,0
wear to work,1,0
we connect,1,0
wau40411,1,0
wau22681,1,0
wau20270,1,0
warehouse,1,0
walmart,1,0
wallet size,1,0
wall mount organizer,1,0
wall mount form holder,1,0
wall mount form,1,0
wall mount file organizer,1,0
wall mount file,1,0
wall files,1,0
wall file rack,1,0
w2-g,1,0
w2 tax 2021,1,0
w2 paper,1,0
w2 kits,1,0
w2 form template,1,0
w2 form,1,0
w2 envelopes 500,1,0
w2 envelopes,1,0
w2 c,1,0
w1099,1,0
w-s's,1,0
w-9 form,1,0
w-2's,1,0
w-2 tax forms,1,0
w-2 software,1,0
w-2 paper,1,0
w-2 forms copy a federal,1,0
w-2 copy 2,1,0
w-2 6 part tax forms,1,0
w-2 3 up,1,0
voucher envelopes,1,0
voucher cheks,1,0
voucher checks,1,0
vinegar,1,0
very wide 3 ring folders,1,0
vertical file folder,1,0
verbatim,1,0
ver98670,1,0
vapor tape,1,0
vapor barrier tape for,1,0
valentine,1,0
vacuum bag,1,0
vacuum,1,0
utensils,1,0
uspost.shop,1,0
us postal service,1,0
upr,1,0
upholstery staples,1,0
unv96242unv96242,1,0
unv40102,1,0
unv28110,1,0
unv210200,1,0
unv2100,1,0
unv 10250,1,0
unsubscribe,1,0
universal legal,1,0
universal green,1,0
universal folders,1,0
universal,1,0
uniball pen,1,0
ungnn400,1,0
underlayment,1,0
umited airlines flight 6140,1,0
ub04 claim forms cms 1450 health insurance claim forms for hospitals and medical facilities standard uniform billing form for major insurance providers including medicare 500 pack 8.5 x 11 in,1,0
u pins,1,0
tze12313,1,0
tze tape,1,0
tz tape,1,0
typing stand,1,0
typing rows on letter paper,1,0
type of personalities,1,0
type of glue used to seal envelopes a long time ago,1,0
type a personality,1,0
two tab fastener file folders,1,0
two pocket folders fancy,1,0
two pocket folders 25 pack white,1,0
two hole punch,1,0
truck slips,1,0
trodat,1,0
trifold paper towels,1,0
tri-fold paper,1,0
trash picker,1,0
trash can with wheels,1,0
trash can on rollers,1,0
trash bags 13gal,1,0
transparent tab label template,1,0
transparency,1,0
track ball,1,0
toxic positivity,1,0
tot staples,1,0
tork napkin,1,0
tork,1,0
tori,1,0
tops docket gold premium writing pads 8 1/2 x 14 legal ruled 50 sheets canary pack of 12 pads,1,0
topb2222,1,0
top79190,1,0
top2222es,1,0
top20032,1,0
toolzilla,1,0
tonerc26a,1,0
toner tn-850,1,0
toner cartridge,1,0
toilet paper holder,1,0
tn-8501,1,0
tn-223bk/c/m/y,1,0
tissue,1,0
timetable,1,0
timeslips,1,0
time off request forms,1,0
time off request,1,0
tiffany,1,0
three row label,1,0
three pocket foldere,1,0
three color stone,1,0
thermal transfer labels,1,0
thermal rolls,1,0
thermal paper 3 125,1,0
thermal paper 3,1,0
thermal laminatorpouch,1,0
the office show,1,0
the helper in the workplace,1,0
thankful,1,0
tft,1,0
tfp software download,1,0
tfp 20.20 download,1,0
tfp 20.19,1,0
tericloth,1,0
temple for,1,0
templates hanging folders,1,0
templates for divider tabs,1,0
templates 5 x 2,1,0
templatelabel templates,1,0
template table of contents,1,0
template label for hanging file folders,1,0
template index tabs,1,0
template hangin files,1,0
template for 8 divider tabs,1,0
template for 1/8 tab cut divider,1,0
template folder labels,1,0
template 92588-1050,1,0
team assistant,1,0
teacher planner,1,0
teacher center,1,0
tdo20102-aa,1,0
taxright tax form filler software,1,0
taxright,1,0
taxes,1,0
tax right download,1,0
tax program,1,0
tax forms 2021 interest,1,0
tax forms 2021 for quickbooks,1,0
tax forms 2021 1099 int,1,0
tax form envelope,1,0
tax form envelop[e,1,0
tax envelopes for w2 4 up horizontal forms,1,0
tax 2021,1,0
tardy notice,1,0
tape seam,1,0
tape refills,1,0
tan packing tape,1,0
tacky fingers,1,0
tack stapler,1,0
tabs template,1,0
tabs,1,0
tabloid hanging file folder,1,0
tabloid,1,0
tablo,1,0
table tray,1,0
table of contents template,1,0
table of contents page,1,0
table of contents divider template,1,0
table of content template,1,0
table of content divider template,1,0
tabbing,1,0
tabbies,1,0
tabbed dividers template,1,0
tabbed divider video,1,0
tabbed divider diy,1,0
tab templates,1,0
tab punches,1,0
tab inserts,1,0
tab divider writable,1,0
tab divider templates,1,0
t950tbk,1,0
t950,1,0
t802xl420-s,1,0
t802xl320-s,1,0
t802xl220-s,1,0
t25,1,0
t-55,1,0
t-506,1,0
t 27 staples,1,0
sybil,1,0
swifter,1,0
swi48210,1,0
sweet and low,1,0
surge protector,1,0
summer decorations,1,0
summer,1,0
suitable tops for pallazo trousers,1,0
subscribe & save,1,0
styrofoam cups,1,0
styrofoam,1,0
student white boards,1,0
storage containers,1,0
stock certificates,1,0
stirs,1,0
stir straw,1,0
stickynore,1,0
sticky pads,1,0
stickers,1,0
sticker papaer,1,0
stick on tabs,1,0
stick on divider tabs,1,0
step file organizer,1,0
stencil,1,0
statement envelopes,1,0
starbucks k cups,1,0
star punch,1,0
star hole punchg,1,0
staples.com,1,0
staples with the plastic on top,1,0
staples width,1,0
staples use in books,1,0
staples sizes,1,0
staples for staple guns,1,0
staples for mini stapler,1,0
staples binders,1,0
staples 9/16,1,0
staples 8.5,1,0
staples 8 mm,1,0
staples 4mm,1,0
staples 4 14,1,0
staples 23/8,1,0
staples 23/13,1,0
staples 10mm,1,0
stapler remover,1,0
stapler number,1,0
stapler heavy duty,1,0
stapler cross reference for staples,1,0
stapler chart,1,0
stapler 8mm,1,0
staple-2400,1,0
staple wire can hold,1,0
staple sizes,1,0
staple size 23/8,1,0
staple pins,1,0
staple pin size,1,0
staple guns,1,0
staple gun staples,1,0
staple gun pin sizes,1,0
stanley tr 45 staples,1,0
standard sizes for paper notebooks,1,0
standard sizes for paper for notebooks,1,0
standard office procedures podcast,1,0
standard labels,1,0
standard business card size,1,0
standard binder paper size chart,1,0
standard 1099-misc,1,0
stand to hold lap board,1,0
stamps size,1,0
stamped,1,0
stamp price guide for 2021,1,0
stainless staples,1,0
ss92588-012,1,0
square envelope,1,0
squad,1,0
sps612fm7se,1,0
spray,1,0
spr74970,1,0
spr05121,1,0
spr00094,1,0
spr00093,1,0
speaker,1,0
sparkle professional,1,0
sparkle paper towels,1,0
sparco bubble bag 29 x 29 self-seal pink 50-pack,1,0
sparco,1,0
sp19k,1,0
sp01bgt9lg6,1,0
sp richards,1,0
southworth 65 lb,1,0
southworth,1,0
sortkwik,1,0
solvent-free adhesive stays firmly in place and removes easily reusable design can be repositioned for quick damage-free adjustments smooth surface offers excellent writability to keep handwriting legible perfect for to-do lists messages reminders and mor,1,0
solo cup,1,0
software,1,0
softsoap,1,0
soft soap,1,0
soft skills,1,0
soft scrub,1,0
snack crackers,1,0
sn 3094,1,0
smp14002,1,0
smp13033,1,0
smp13002,1,0
smooth paper clips,1,0
sml507231041,1,0
smead file folders,1,0
smd75405,1,0
smd24160,1,0
smd24130,1,0
smd24113,1,0
smd22546,1,0
smd19981,1,0
smd14045,1,0
smd12610,1,0
smd11928,1,0
smd11925,1,0
smd10940,1,0
smd10935,1,0
smd10287,1,0
smd10279,1,0
smd10271,1,0
smd10247,1,0
smd 35650,1,0
"smartworx sidekick steel file cart 27 3/4""h x 15""w x 16 1/2""d black",1,0
smaller stables,1,0
small whiteboards for classroom,1,0
small water,1,0
small trash,1,0
small paper clips,1,0
small binder ring for card making single sheet,1,0
slip press envelopes,1,0
slimline,1,0
slice,1,0
slant o ring size chart,1,0
slant d ring,1,0
slant d binder ring size chart,1,0
sku y2-m6hb-7063,1,0
sku ri-u0j3-zqp0,1,0
sku cr-inws-lhtn,1,0
sketchbook,1,0
sketch book,1,0
sjn313358ct,1,0
sizes,1,0
size sp staples,1,0
size of bubble mailers,1,0
size of a4 in inches,1,0
size cd bubble wrap mailer,1,0
size 5 bubble wrap mailers,1,0
sink,1,0
single-serve k-cups,1,0
single window non security envelopes,1,0
single window non security,1,0
simplegreen,1,0
simple,1,0
sign in sheet for providers,1,0
sign here post it notes,1,0
si king,1,0
show staplers,1,0
shoulder strap,1,0
shot,1,0
short leg of staplering,1,0
short leg of stapler,1,0
shipping labels 4x 3,1,0
shipping labels 4 x 3,1,0
shelving unit,1,0
shelf organizers,1,0
sheet protectors 500 sheets,1,0
sheet protectors 3 holes,1,0
sheba,1,0
sharpie stick,1,0
sharpie pen,1,0
sharpie clear vie,1,0
sharpie chisel,1,0
shannon miller,1,0
series 18,1,0
self sear double window envelopes,1,0
self sealing security envelopes 4 1/8 x 9 1/2,1,0
self seal security envelopes,1,0
self seal security 10 envelopes no windows,1,0
self seal padded,1,0
self seal golden brown kraft catalog envelopesmailing oversize strong peel and seal flap with 28 pound kraft paper 100 envelopes,1,0
self seal check envelopes,1,0
self seal 10 security window no windows,1,0
self gummed,1,0
self adhesive envelopes,1,0
self adhesive double window envelopes,1,0
self addressed envelopes,1,0
sel10186,1,0
security envelope number 9,1,0
security 9 x 12,1,0
security 10 double,1,0
seat cushion,1,0
sealing tape,1,0
sd card,1,0
screen,1,0
scrapbook,1,0
scotch colored plastic tape clear 1 1/2 in pack of 12,1,0
scossor,1,0
school supply kits,1,0
school kit,1,0
school free binder inserts,1,0
scale,1,0
sc757,1,0
sbk12434812,1,0
savesealer,1,0
save sealer,1,0
sarah,1,0
saniziter,1,0
sanitizer dispenser,1,0
san2096152,1,0
san1946767,1,0
san1742665dz,1,0
san1742664dz,1,0
sample sick leave,1,0
sales sheet,1,0
sale of postage stamps mode,1,0
sale,1,0
safety flags,1,0
s2-vort-zljx,1,0
s10538,1,0
rzrmq2mun4,1,0
rz-rmq2,1,0
ryman,1,0
russell+hazel patent mini 3 ring binder dew 28794 1 rings 8 in x 9 in 20.3cm x 22.9cm,1,0
rubbing alcohol,1,0
rubberbands,1,0
rt111,1,0
rt-111,1,0
rotary siccors,1,0
rotary,1,0
rocketbook,1,0
riser,1,0
ring binders 2.5,1,0
rigid folders,1,0
ribbon,1,0
rexel staples size 56,1,0
reusable,1,0
returns,1,0
return envelope,1,0
retractable pen,1,0
resources,1,0
resealable,1,0
report covers,1,0
replacement for bss-92588,1,0
remote,1,0
remittance envelope templates,1,0
remittance envelope,1,0
remit,1,0
rejection,1,0
reinforced tab letter file folders,1,0
reinforced legal manila folders,1,0
reinforced legal manila file folders,1,0
reinforced legal manila,1,0
reinforced hanging file,1,0
reinforced fle folder,1,0
reinforced divider large tab,1,0
reinforced divider large,1,0
regular 10,1,0
refill,1,0
redwall,1,0
red w3a,1,0
red w3,1,0
red sharpie pens,1,0
red ruled,1,0
red middle tab,1,0
red lined,1,0
red folders ltr,1,0
red folders center tab,1,0
red flag,1,0
red envelope,1,0
red checks,1,0
red center tab fikder,1,0
rectangle labels,1,0
recipe binder templates,1,0
receipts,1,0
receipt binder,1,0
ream paper,1,0
realistic optimism,1,0
real estate supplies list,1,0
reading rest,1,0
rcpst24eplwh,1,0
rcp9w2773be,1,0
rcp264360bk,1,0
rainx,1,0
quickbooks w-2 envelopes,1,0
quickbooks statements,1,0
quickbooks self gumm envelopes,1,0
quickbooks payroll envelopes,1,0
quickbooks envelopes template,1,0
quickbooks envelopes for invoices,1,0
quickbooks envelopes 8,1,0
quickbooks checks envelope,1,0
quickbook invoices,1,0
quickbook checks,1,0
questions about position after a merger of two company,1,0
quality park envelpes,1,0
quality park 8,1,0
qua24550,1,0
qa-z tabbing,1,0
pvc-free polypropylene sheet protectors,1,0
pvc roll,1,0
pvc,1,0
purple cupe,1,0
purple cup,1,0
purple classification,1,0
purell soap adx-7,1,0
purchase order,1,0
punchless binder,1,0
puch machine,1,0
proximity,1,0
protective page,1,0
pros and conns,1,0
propel,1,0
prongs,1,0
project 62,1,0
professional development goals,1,0
product key code,1,0
procrastination,1,0
prns,1,0
private property,1,0
private equity firm,1,0
printworks,1,0
printing template,1,0
printing on tab dividers,1,0
printing charts,1,0
printing,1,0
printers,1,0
printer template,1,0
printer tape,1,0
printed return envelopes,1,0
printabletemplates,1,0
printable templates for index divider tabs,1,0
printable templates for divider tabs,1,0
printable template,1,0
printable tabs inserts,1,0
printable tabs hanging file,1,0
printable tabs free template,1,0
printable labels template pages free,1,0
printable labels template,1,0
printable labels for file folders,1,0
printable labels and tabs,1,0
printable label templates tabs,1,0
printable label templates and design,1,0
printable label templates 51 per page,1,0
printable label templates & designs,1,0
printable label template for hanging file folders,1,0
printable hanging folder tabs,1,0
printable hang file tab,1,0
printable folder labels,1,0
printable folder labeling,1,0
printable file tabs,1,0
printable divider template,1,0
printable bookmarks,1,0
print template,1,0
print tabs,1,0
print lables,1,0
print labels,1,0
print label template,1,0
print divider inserts,1,0
print directly on 1/8 tab cut dividers,1,0
prime business checks,1,0
primary school wall decoration quotes,1,0
prices,1,0
price is right costume,1,0
price for forever stamps,1,0
preztels,1,0
pretzel,1,0
"pressbrd report cover 8-1/2cc 3 cap 8-1/2""x11 d.green acco letter recycled report cover 3 folder capacity 8 1/2 x 11 pressboard tyvek dark green 30% 1 each acco letter recycled report cover 3 folder capacity 8 1/2 x 11 pressboard tyvek dark green 30% 1 ea",1,0
pressboard classification folders 2 dividers red,1,0
pressboard,1,0
press seal check envelopes,1,0
president,1,0
presentation cover,1,0
presentation board,1,0
prep6200,1,0
premium copy,1,0
prefforated paper,1,0
pre printed checks,1,0
pre moistened,1,0
prb04501,1,0
poweraid,1,0
postage meter ink,1,0
post it notes pop up,1,0
post it notes 4 x 4,1,0
post it 4x4,1,0
post it 1 3/8,1,0
post card stamps,1,0
portfolio,1,0
portable white board,1,0
popcorn,1,0
pomodoro,1,0
polypage 3,1,0
polyethylene tape,1,0
poly zip bag,1,0
poly folders with pockets and prongs,1,0
poly folder,1,0
poker,1,0
pocket stapler,1,0
pocket folders expandable,1,0
pocket file folder straight cut,1,0
pocket dividers with tabs to go in binder,1,0
pmp,1,0
pm11x28,1,0
plege,1,0
pledge,1,0
plasticware,1,0
plastic utensils,1,0
plastic sheeting,1,0
plastic ruler,1,0
plastic pronged folders,1,0
plastic pocket prong folder,1,0
plastic mailing envelope sizes,1,0
plastic index dividers 5 tab,1,0
plastic fork,1,0
plastic floor mat,1,0
plastic corner caps,1,0
plastic coat hook,1,0
plastic box,1,0
plain white binder inserts,1,0
pitney,1,0
pint,1,0
pink ppaer,1,0
pink labels,1,0
pink end tab folder,1,0
pink copy paper,1,0
pine-sol,1,0
pilot pens,1,0
pilot g2,1,0
picture,1,0
pick up,1,0
photo binder,1,0
phone cords,1,0
phone cord,1,0
pgc74657,1,0
pfxr75225rc,1,0
pfxr75215,1,0
pfxr752133,1,0
pfxr752132,1,0
pfx54456,1,0
pfx15213yel,1,0
pfs-314c,1,0
pet cups,1,0
personal check envelop,1,0
permanent markers,1,0
perforated w-2,1,0
perforated envelopes,1,0
pepsi drink,1,0
peppermint,1,0
pens pilot,1,0
pens blue,1,0
pendaflex index dividers blue,1,0
pencil boxes,1,0
pencil bag,1,0
pen blue,1,0
"peel and self-seal,security non window",1,0
peel and seal double window security envelopes,1,0
peel and seal,1,0
peel & seal,1,0
peanut m&ms,1,0
pe 9mm polyethylene tape sealing moisture barrier seam and seal tape for crawl space or marine use waterproof white 9 mil poly tape 3.78 inch 180 foot roll,1,0
pdf,1,0
pctytd188010000,1,0
pc camera,1,0
pbhhxc4fk,1,0
payroll,1,0
paw print,1,0
patient sign-in sheets,1,0
patient charts,1,0
patience,1,0
pastel paper,1,0
pastel folders,1,0
pastel blue,1,0
pastek,1,0
passwords,1,0
passport photo cutter,1,0
parcel postage,1,0
papermate retractable ball point pens,1,0
papermate inkjoy,1,0
papermate,1,0
paperback novels loose leaf,1,0
paper tray desk organizer,1,0
paper towles,1,0
paper towels 30 pack,1,0
paper towel rollls,1,0
paper towel dispenser,1,0
paper straws,1,0
paper stand,1,0
paper pad,1,0
paper mate pen,1,0
paper mate medium point pen,1,0
paper mate ink joy,1,0
paper mate felt medium,1,0
paper mate ballpoint pens retractable bold point red ink 12-pack,1,0
paper holder,1,0
paper clips smooth,1,0
paper 28 lb,1,0
pape rclips,1,0
pap89467,1,0
pancake,1,0
palmolive,1,0
paints,1,0
paint suit,1,0
pagewide,1,0
pages/frebluesummitsupplies.com/pages/free,1,0
page wide,1,0
padfolio,1,0
padded envelope sizes,1,0
packing slips,1,0
packets,1,0
p3-kw6k-9vmn,1,0
outgoing,1,0
organization bins,1,0
order pad,1,0
order form,1,0
order checks,1,0
order books,1,0
order 1099-nec forms,1,0
orange file folders with dividers,1,0
orange expanding folder,1,0
orange end tab fastener file folders ced straight cut tab durable 2 prongs,1,0
orange binder,1,0
orange and blue decor,1,0
orang classification,1,0
operation manager,1,0
one us stamp cost,1,0
one subject notebooks,1,0
one one one template,1,0
ol9963k,1,0
ok i'm goingto make them live it will be j5100 j5800 j6100 and j6500,1,0
ofx00066,1,0
ofx00013,1,0
ofrex,1,0
office supply inventory,1,0
office rug,1,0
office perks,1,0
office paper,1,0
office flooring,1,0
office associate,1,0
oens,1,0
odoball,1,0
nutella,1,0
number stickers,1,0
number sticker,1,0
number label,1,0
number 9 self seal envelopes,1,0
number 9 envelope,1,0
number 8 flip and seal envelopes,1,0
number 10 gummed double window,1,0
nsn6618832,1,0
"notes on the uses of cellotape clips,erasor and erasing sheets in engineering drawing",1,0
notecard,1,0
notebook for school,1,0
note tabs,1,0
note pads,1,0
note pad,1,0
note holder,1,0
note card,1,0
notary stickers,1,0
no hole punches,1,0
nle827179,1,0
nle19467,1,0
nl60f1hoo,1,0
njoy,1,0
nitrile gloves,1,0
nifty nabber,1,0
neverstop,1,0
nestle pure life,1,0
nestle creamer,1,0
nestle,1,0
nesconset,1,0
nec1099,1,0
nec 1099 2022 2 per page,1,0
near 30318,1,0
ncr forms,1,0
navy two pocket folders with business card,1,0
nasa,1,0
naruto,1,0
narrow staplers,1,0
narrow rule,1,0
narrow box,1,0
name stamps,1,0
n9k27an#140,1,0
n01s,1,0
multitab folders,1,0
multipurpose cleaner,1,0
multifold towel,1,0
multifold,1,0
multicolor plastic two pocket folders with prongs,1,0
multicolor plastic 2pocket folders with 2 pockets and busness card slot,1,0
multi use copy paper,1,0
mugs,1,0
mrc6506pk,1,0
mouthwash,1,0
mountain dew,1,0
motrin,1,0
motivational speakers,1,0
motivational,1,0
morning,1,0
mophead,1,0
monitor risers,1,0
monitor mount,1,0
monitor arm,1,0
money receipt book,1,0
money receipt,1,0
money,1,0
moleskin notebooks,1,0
mmmtl1302vp,1,0
mmmt11000,1,0
mmmmm 680hvsh,1,0
mmm686al0pryt,1,0
mmm654-yw,1,0
mmm 680sh4va,1,0
mmm 6756ssan,1,0
ml-d3050b compatible,1,0
mixednuts,1,0
mini whiteboards,1,0
mini white boards for students,1,0
mini three ring binder,1,0
mini pretzels,1,0
mini pencil boxes,1,0
mini fan,1,0
mini dividers,1,0
mini binder tabs,1,0
mini binder index,1,0
mini binder divider,1,0
mini 3 ring binders,1,0
mini 3 ring binder 1inch,1,0
mini 3 ring binder,1,0
miinon25510,1,0
microsoft word,1,0
mhce285a,1,0
mf445,1,0
meter stick,1,0
metal sorter,1,0
metal frame to hang file folders on,1,0
metal frame to hang file folders,1,0
metal frame for hanging file folders,1,0
metal cork board,1,0
message stamp,1,0
message holder,1,0
message board,1,0
mesh folder wall,1,0
menu holder,1,0
memory stick,1,0
memo binder,1,0
meeting room names,1,0
medium black refill for cross pens,1,0
medical tabs,1,0
medical table paper,1,0
mea06342,1,0
mbattgck2,1,0
mb3507186,1,0
maxwell house coffee,1,0
maths,1,0
mastercraft shure shot,1,0
masking tape yellow,1,0
mask sign,1,0
marks a lot,1,0
marker holder,1,0
many pocket folders,1,0
manilla expansion folders,1,0
manilla envelope,1,0
manila folder with prong,1,0
manila file folders large,1,0
manila envelopes,1,0
manila envelop,1,0
manila 11 17,1,0
manage subscription,1,0
mamat,1,0
making booklet,1,0
mailing labels,1,0
mailing envelopes with clasp,1,0
mailing envelopes clasp,1,0
mailers,1,0
mail drop,1,0
magazine file boxes,1,0
made in usa,1,0
made in the usa,1,0
made in america,1,0
macr,1,0
m5-936y-gzn0,1,0
m402n,1,0
m40-20nd,1,0
lysol can,1,0
lue summit supplies 50 legal size hanging file folders 1/5 cut adjustable tabs legal size 5 tab locations designed for legal and law office file organization standard green 50 pack legal size,1,0
lucite,1,0
ltr print,1,0
lthe17100,1,0
low profile clipboard,1,0
long edge,1,0
log book,1,0
llr99846,1,0
llr72313,1,0
llr60650,1,0
llr41844,1,0
llr34415,1,0
llr 60650,1,0
littleton colorado,1,0
listerine,1,0
liquid creamers,1,0
lint roller,1,0
lint free,1,0
lint,1,0
lined legal size folders,1,0
lime paper,1,0
lime green paper,1,0
light purple file folders,1,0
light bulb,1,0
light blue classification folders 3 dividers,1,0
lf-yoj3-31uk,1,0
lf-y0j3-31uk,1,0
lexie,1,0
lever lever arches,1,0
lever arch binders,1,0
letterhead,1,0
letter size index dividers,1,0
letter size file hangers,1,0
letter size expanding folder,1,0
letter size 3-ring index dividers,1,0
letter practice,1,0
letter opener,1,0
legal wallets,1,0
legal vs a4,1,0
legal sized file folders,1,0
legal size orange folders,1,0
legal size of a5,1,0
legal size in a size is what,1,0
legal size hanging folders label template,1,0
legal size expansion wallets,1,0
legal size expansion,1,0
legal size envelopes,1,0
legal size document holders and files,1,0
legal size copy paper,1,0
legal paper 11 x 17,1,0
legal pads sticky,1,0
legal folder,1,0
legal flyers,1,0
legal file folders hanging,1,0
legal file folder with prongs,1,0
legal extra,1,0
legal docket,1,0
left window envelope,1,0
left window 10 self-seal double window,1,0
left single window security envelopes,1,0
ledger folder,1,0
leather zipper portfolio,1,0
leather binders,1,0
learn adminsrative skills online,1,0
leadership team building,1,0
laser window,1,0
laser safe,1,0
laser printable tabs,1,0
laser checks,1,0
larry highlights,1,0
larry buck,1,0
large wall calendar,1,0
large garbage bags,1,0
large file folder tabs,1,0
large envelopes,1,0
large capacity staples,1,0
large 3 ring binder,1,0
laptop shelf,1,0
laptop,1,0
lapboards,1,0
lap desk,1,0
lap board stand,1,0
landscape ring folder,1,0
lamination sheets sizes,1,0
lamination sheets,1,0
laminating pouch carrier,1,0
laminating carrier,1,0
laminated,1,0
lambs,1,0
lack pen,1,0
lack of priorities,1,0
labor laws,1,0
labor law posters,1,0
labor law,1,0
lables,1,0
lable,1,0
labeltemplate,1,0
labels hanging file folders,1,0
labels for tab dividers,1,0
labels for 1/8 cut divider tabs,1,0
labels 4 x 3,1,0
labels 2 x 4,1,0
label templets,1,0
label templates to print,1,0
label templates for hanging folders,1,0
label templates file folder,1,0
label templates 51 per sheet,1,0
label tac,1,0
label sheets,1,0
label ribbon,1,0
label printing,1,0
label printer template,1,0
label printer option,1,0
label printer black,1,0
label maker ribbon,1,0
kurig coffee pods,1,0
kuerig,1,0
kraft bag,1,0
kost kut,1,0
knuckbuster,1,0
km5221,1,0
kleenez,1,0
kiosk,1,0
keyboard cleaner,1,0
kcc47804,1,0
kcc35970,1,0
kcc17713,1,0
kcc 75147ct,1,0
kcc 75147,1,0
kawaii bear,1,0
kangaroo 555,1,0
junior binders,1,0
junior binder,1,0
junior 7 hole pages,1,0
junior 3 ring binders 1,1,0
junior 1 inch mini binder,1,0
junior,1,0
jump drive,1,0
jumbo toilet,1,0
jt21,1,0
jt-21,1,0
johnny,1,0
john jamaes 1348 queen street montreal quebec h37 2y7,1,0
job responsibility,1,0
job folers,1,0
job folders,1,0
job,1,0
jan dec dividers,1,0
jam plastic envelopes,1,0
jam paper,1,0
i’m,1,0
iv-krys-gc0p,1,0
ita01539bx,1,0
it5k1xk4sx,1,0
it-5kix-k4sx,1,0
it is marked with measurements in the same manner as a regular ruler in both standard and metric units,1,0
is it safe to hang a corkboard near the stove in kitchen,1,0
is it necessary to put return address on printed envelope,1,0
is gram inches greater than ounve inches,1,0
is a6 legal size,1,0
irs forms,1,0
ipad,1,0
intuit,1,0
interview,1,0
interoffoffice,1,0
interoffice mailer,1,0
interoffice envelopes,1,0
interoffice,1,0
inter office mailer,1,0
integra pen,1,0
insurance claim form,1,0
insulation,1,0
install product key,1,0
inspire your workplace,1,0
inspiration and ideas,1,0
insert templates,1,0
inoxcrom parker style g2 blue ink ballpoint pen refills refill white plastic,1,0
inkjoy,1,0
ink pen,1,0
initial tab,1,0
initial post-it,1,0
initial here,1,0
industrial staplers,1,0
individual tab dividers,1,0
index template,1,0
index labels,1,0
index dividers label,1,0
index dividers for mini binders,1,0
index dividers 3 ring,1,0
index divider tab template,1,0
index divider tab,1,0
index card dividers,1,0
indeed,1,0
incline,1,0
important message books,1,0
import data into 1099 form,1,0
impactful leadership activities for team building,1,0
impactful,1,0
impact paper,1,0
if you have a tab that says letter m do you file the documents that begin with m before or after the m tab,1,0
if i clear the cache will i delete the progress on my games,1,0
icx90781277,1,0
ice packs,1,0
ibuprofen,1,0
ibm ribbon,1,0
https://www.pentel.com,1,0
https://www.officesupply.com/furniture/filing-storage-accessories/mobile-files-carts/mobile-file-carts-cabinets/vertiflex-instacart-sidekick-file-cart-black/p358552.html?ref=pla&utm_source=google&utm_medium=cpc&adpos=&scid=scplp358552&sc_intid=358552&gcli,1,0
https://www.heartland.us/solutions/on-your-website,1,0
hp420t,1,0
hp305,1,0
hp204a,1,0
hp144,1,0
hp143a,1,0
hp143,1,0
hp printer ink,1,0
hp printer,1,0
hp office jet pro 9020,1,0
hp laserjet 4,1,0
hp laserjet,1,0
hp ink jet,1,0
hp 962xl,1,0
hp 8720,1,0
hp 643a,1,0
hp 58x,1,0
hp 36a cb436d 2 toner cartridges black hp 36a cb436d 2 toner cartridges blackhp 36a cb436d 2 toner cartridges black,1,0
how would we measure our stapler to find what type of staples we need,1,0
how to use self-serve usps stamps,1,0
how to use printable label,1,0
how to ship a package,1,0
how to print on hcfa,1,0
how to print check,1,0
how to print 5 tab template,1,0
how to print 3 up on a page,1,0
how to mail padded envelopes,1,0
how to mail packages,1,0
how to get my employers ein,1,0
how to fill in the forms that i ordered,1,0
how to cancel an order,1,0
how to be come a good administration,1,0
how to address an envelope,1,0
how os browser history saved and cleared,1,0
how much does one sheet of stamps cost,1,0
how much does a staple hold,1,0
how many stamps in a book of stamps,1,0
how many stamps do i need,1,0
how many flat rate stamps 8.45,1,0
how long does a cork board last,1,0
how is mass measured in the metric system,1,0
how is browser history saved,1,0
how address writing,1,0
household budgeting,1,0
hotel,1,0
hot tea k cup,1,0
hot chocolate packets,1,0
hospital sick off,1,0
hospital filing,1,0
hospital disinfect,1,0
horizontal blank perforated paper,1,0
hon follower block,1,0
home office forms,1,0
home binder,1,0
hole punch star,1,0
hiring,1,0
hippa compliant sign,1,0
hipaa,1,0
hi and dri,1,0
hewl0552an,1,0
hew60552an,1,0
hew3ym56an,1,0
hew 67xl,1,0
hew 1202,1,0
heritage,1,0
heft,1,0
heavy size business envelopes,1,0
heavy duty staples gun,1,0
heavy duty staples 5/16,1,0
heavy duty stapler pins,1,0
heavy duty scissor,1,0
heavy duty packing tape 12,1,0
heavy duty packing tape,1,0
heavy duty packaging tape,1,0
heavy duty packaging,1,0
heavy duty hanging folders,1,0
heart acronym service meaning,1,0
heart,1,0
health insurance pdf,1,0
health insurance claim forms,1,0
health insuranc claim forms,1,0
hd31,1,0
hcva,1,0
hcfa medical billing cms 1500 forms 4 1/2 x 9 1/2,1,0
hcfa 1500,1,0
hcfa,1,0
hb36a,1,0
hazlenut,1,0
hazelnut,1,0
hanging tab template,1,0
hanging folders templates,1,0
hanging folders tabs template,1,0
hanging folders tabs labels,1,0
hanging folders tabs,1,0
hanging folder template,1,0
hanging folder storage,1,0
hanging folder labels,1,0
hanging folder label templates,1,0
hanging folder label template,1,0
hanging files holder,1,0
hanging files folder label templates,1,0
hanging files 2 inch,1,0
hanging files,1,0
hanging file tabs labels,1,0
hanging file tab templates,1,0
hanging file tab template,1,0
hanging file tab printable,1,0
hanging file storage box,1,0
hanging file folders printable label template,1,0
hanging file folders print template,1,0
hanging file folder templates,1,0
hanging file folder tab,1,0
hanging file folder printable tab,1,0
hanging file folder legal template,1,0
hanging file folder legal printable label,1,0
hanging file folder labels template,1,0
hanging file folder label templates,1,0
hanging file folder insert tabs,1,0
hanging file boxes,1,0
handle bags,1,0
handle bag,1,0
handbook,1,0
hand sanitzer,1,0
hand sanitize,1,0
hand duster,1,0
hand delivered letter,1,0
hand delivered address envelope,1,0
hammermill cop,1,0
hammermill color paper,1,0
ham104646,1,0
ham104604,1,0
ham103374,1,0
ham103341ct,1,0
ham103309s,1,0
ham 103390,1,0
ham 103317,1,0
ham 102467,1,0
halloween,1,0
half size envelopes,1,0
half size binders,1,0
half sheet label printables,1,0
halal,1,0
gun stapler,1,0
guide to job,1,0
guest checks,1,0
guest,1,0
guardianangels.com,1,0
gsm609be,1,0
grid-lined notes,1,0
grid paper,1,0
grid lined notebook,1,0
green mountain,1,0
green cleaner,1,0
green checks,1,0
greece,1,0
gratification monkey,1,0
graph paper,1,0
graph,1,0
grape juice,1,0
granola bars,1,0
gpc87468,1,0
goldencorp,1,0
golden rod folders,1,0
gold peach,1,0
gold envelopes,1,0
goj 215608,1,0
going above and beyond,1,0
gn1cbc1galsan,1,0
glvoes,1,0
glass cleaner,1,0
gjo58895,1,0
gjo58230ct,1,0
gjo30403,1,0
gjo2565012,1,0
gjo19068,1,0
gjo19062,1,0
gjo11257,1,0
gjo11254ct,1,0
gjo10491,1,0
gjo10329ct,1,0
gjo02105ct,1,0
gjo00246,1,0
gjo sugar,1,0
gj070343,1,0
gj058332,1,0
gifts for coworkers,1,0
gift guide,1,0
georgia pacific,1,0
genuine joe toilet tissue,1,0
genuine joe ripple,1,0
genuine joe coffee cups,1,0
genuine joe,1,0
genuie joe,1,0
gel sanitizer,1,0
gel highlighter,1,0
gel hand santizer,1,0
gauze,1,0
garbage grabber,1,0
garbage can,1,0
garbage,1,0
g1-x930-33j7,1,0
future,1,0
furniture,1,0
full window,1,0
full stick sticky notes,1,0
full face window,1,0
fsk23537097j,1,0
from and to side,1,0
frito,1,0
friday,1,0
freezer bag,1,0
freeformfiller,1,0
free templetes,1,0
free template for hanging file folders,1,0
free template,1,0
free tempates,1,0
free table of contents,1,0
free resources,1,0
free printable worksheets,1,0
free printable notebook tabs,1,0
free printable notebook dividers,1,0
free printable label templace,1,0
free organization printable,1,0
free lable templates downloads,1,0
free label insert templates,1,0
free home school supplies,1,0
free download,1,0
franklin d roosevelt 6 cent stamp,1,0
franklin creative,1,0
frame boxes,1,0
fountain pen,1,0
forms envelope,1,0
form compatibility,1,0
form 1099-nec 2020,1,0
form 1099 nec,1,0
for office professionals,1,0
for couples,1,0
food gloves,1,0
folgers,1,0
folding rule,1,0
folding chair,1,0
folderd,1,0
folder tabs,1,0
folder tab template,1,0
folder straight cut,1,0
folder manila,1,0
folcroft library,1,0
foam soap,1,0
foam board,1,0
fm213,1,0
fly swatter,1,0
flower kits,1,0
floor squeegee,1,0
flip-and-seal envelope 9,1,0
flip-and-seal envelope,1,0
flip press window envelopes,1,0
flip press seal double window envelopes,1,0
flip press seal check envelope,1,0
flip and seal window 8,1,0
flip and seal double window security check envelopes designed for quickbooks printe,1,0
flip and seal 10 double window envelopes,1,0
flexible ring binders,1,0
fle folders,1,0
flash drives,1,0
flap and seal check envelopes,1,0
flair pens,1,0
fix stapler,1,0
first step in making an appointment,1,0
first class mail stamps,1,0
first aid kit,1,0
firefox,1,0
fingertip moistener,1,0
fine point pens,1,0
filler paper template for mini binder,1,0
filler paper for mini binder,1,0
fillable w2,1,0
fillable pdf,1,0
fillable 1500 claim forms,1,0
filing tabs template,1,0
filing storage boxes,1,0
filing folders,1,0
filing dividers,1,0
filing cabinets,1,0
file tab inserts,1,0
file labels for hanging folders,1,0
file jackets with expansion,1,0
file holder,1,0
file hangers,1,0
file folders with lines,1,0
file folders with fasteners file folders legal size 1/3 cut reinforced tabs durable 2 prongs designed to organize standard medical or law files 50 pack,1,0
file folder tabs,1,0
file folder tab templates,1,0
file folder tab template,1,0
file folder sorter,1,0
file folder labels template,1,0
file folder label template,1,0
file folder in which plastic sheets are attached,1,0
file folder 1/3 cut tab letter size yellow,1,0
file cabinet frame,1,0
fidget toys,1,0
fidget,1,0
felt-tip markers,1,0
felt tip,1,0
fellow co workers vs fellow workers,1,0
fel0070409,1,0
fel0070333,1,0
fel 52325,1,0
febreze,1,0
fba-qbenv500-s,1,0
fastner prongs,1,0
fastener folders legal 8 1/2 x 14 sheet size 2 expansion,1,0
fastener envelopes,1,0
fan binder,1,0
fan,1,0
fall,1,0
fabuloso,1,0
fabulose,1,0
extra wide,1,0
extra large bubble mailer,1,0
extra large bubble,1,0
extra capacity hanging file folders,1,0
expo makers,1,0
expo highlighter,1,0
expo eraser,1,0
expansion wallet,1,0
expansion file pocket folders,1,0
expanding wallet,1,0
expanded wallet,1,0
expandable wallet,1,0
expandable envelope,1,0
executive size paper,1,0
executive paper dimensions,1,0
executive journals,1,0
executive assistant starting a new job,1,0
essential oils,1,0
epst802120-s,1,0
envelops slips,1,0
envelopes double window self adhesive,1,0
envelopes 8.5 x 3 7/8,1,0
envelopes 8 double window security check envelopes for quickbooks flip and seal 500-pack,1,0
envelopes 6x9,1,0
envelopes 4 1/8 x 9 1/2,1,0
envelopes 10x13,1,0
envelopes 1099-nec,1,0
envelope 10x13,1,0
enneagrams at work,1,0
engrapadora,1,0
energel,1,0
enelope,1,0
end tab fastner file,1,0
end tab fastener file folders ced straight cut tab durable 2 prongs,1,0
end tab fastener file,1,0
emr,1,0
employee attendance sheets,1,0
emotional intelligence,1,0
emotional intel,1,0
elephant,1,0
electronics,1,0
electronic,1,0
electrical tape,1,0
electric stapler staples,1,0
electric stapler,1,0
eld62562,1,0
elastics,1,0
efile,1,0
educational freebies,1,0
edge templates,1,0
eco friendly,1,0
earl gray,1,0
earbuds,1,0
ear buds,1,0
eagleview,1,0
e717r-50,1,0
e7175021,1,0
e45078,1,0
e179gd,1,0
e.a.s.e acroynm,1,0
e-file cost,1,0
dymo compatible,1,0
dxesxp10pathct,1,0
dw4dn,1,0
dw4,1,0
dw-3s,1,0
dvod03905,1,0
dvm 8645lct,1,0
dust spray,1,0
duofast ct859,1,0
duofast ct-859,1,0
duo fast staples,1,0
dunkin donuts positioning,1,0
dual monitor stand,1,0
dryer sheet,1,0
dry erase marker,1,0
dry erase clipboard,1,0
drive,1,0
drinking straws,1,0
dr pepper,1,0
dozen purple,1,0
downlod,1,0
download ruler,1,0
double window security flip press seal,1,0
double window security envelopes no 8 flip and seal,1,0
double window security envelope self sealing,1,0
double window security envelope quick books,1,0
double window security envelope not for invoices,1,0
double window security envelope for intuit checks,1,0
double window security envelope for checks,1,0
double window security envelope flip press seal check,1,0
double window security envelope check,1,0
double window security envelope 6,1,0
double window seal check envelopes,1,0
double window peel and seal,1,0
double window number 10 flipping seal envelopes,1,0
double window for quick book checks,1,0
double window folders,1,0
double window fit quickbooks,1,0
double window envelopes,1,0
double window business envelope,1,0
double window 92588,1,0
double sided printing,1,0
double sided adhesive,1,0
double flap self seal nvelipe,1,0
double fastener end tab file folder,1,0
dot journal,1,0
door decorations,1,0
donations,1,0
dog bed,1,0
document folders,1,0
document covers,1,0
do you have sheets of stamps,1,0
dl envelope,1,0
dk-1203,1,0
diy planner,1,0
diy binder divider,1,0
dixth217,1,0
dixie plates,1,0
divocb50817,1,0
divider labels,1,0
disposable wipe,1,0
disinfectant wipes,1,0
discrimination,1,0
discount code,1,0
digital calendars,1,0
different staplers,1,0
diet drinks,1,0
dierbergs,1,0
die cut hand bag,1,0
diaries,1,0
dia98612ct,1,0
dia06028ct,1,0
device cleaner,1,0
dessert plate,1,0
desk stand for folders,1,0
desk stand,1,0
desk jet ink,1,0
desk folder stand,1,0
desk chair,1,0
desk accessories,1,0
desert stamps,1,0
deposit form,1,0
dental form,1,0
dehumidifier,1,0
defensiveness,1,0
decorating class,1,0
dccy16tpk,1,0
dcc90ht3r,1,0
dcc16slct,1,0
dcc12bwwqrct,1,0
dbl window envelopes,1,0
daytimer,1,0
data storage,1,0
data binders,1,0
dark magic,1,0
daily refills,1,0
daily planner,1,0
d ring planner,1,0
cómo dejar de usar papel en el trabajo,1,0
cw58045,1,0
cw21814,1,0
cutting practice,1,0
cutting page,1,0
cut labels,1,0
customized envelopes,1,0
customized,1,0
customize,1,0
customizable,1,0
customer-thank-you-note-examples,1,0
customer thank you note-examples,1,0
customer thank you note examples,1,0
customer sign in sheets,1,0
customer service lead,1,0
customer log,1,0
customer,1,0
custom security tint,1,0
custom labels templates,1,0
crystal geyser,1,0
crystal,1,0
crown width 10mm staples,1,0
cross-cultural,1,0
cross pens refil,1,0
critic,1,0
crepe paper,1,0
credit card tape,1,0
credit card paper,1,0
creative flow,1,0
crawlspace,1,0
crawl space,1,0
craftsman stapler,1,0
craft staplers,1,0
crackers,1,0
cpc04282,1,0
cpc03562ct,1,0
coworkers vs upper managment,1,0
coworker vs colleague vs upper managment,1,0
coworker or peer,1,0
covid,1,0
covering corkwoards,1,0
covering cork boards,1,0
cover template,1,0
coupons,1,0
coupon,1,0
counterfeit detector,1,0
cork rolls,1,0
copy paper legal,1,0
copy paper for copiers,1,0
copy paper by the case,1,0
copy paper bulk,1,0
copy paper box,1,0
copy cs,1,0
copy a 1099 nec,1,0
cookies,1,0
cookie,1,0
control,1,0
contractor invoice books,1,0
construction staples,1,0
confidential sign-in,1,0
confidential on an envelope,1,0
confidence,1,0
conference room chairs,1,0
computer stand,1,0
computer mouse,1,0
computer monitor,1,0
computer check,1,0
computer,1,0
complyright double-window envelopes for w-2 5210/5211 tax forms moisture-seal white pack of 100 envelopes item 9932693,1,0
complyright double-window envelopes for w-2 5210/5211 tax forms moisture-seal white pack of 100 envelopes,1,0
comply right,1,0
compliant forms,1,0
compatible epson erc-30 34 38 pos ribbon cartridges black & red 6-pack,1,0
comfortplus,1,0
combs,1,0
coloring books,1,0
coloring,1,0
colorful sticky notes,1,0
colorful sticky,1,0
colored papr,1,0
colored index cards,1,0
colored file folders,1,0
colored 8 tabs,1,0
colored 5 tab divider,1,0
color-coded year labels,1,0
color scheme for classroom for middle school,1,0
colleague vs upper managment,1,0
coke zero,1,0
coin envelope white,1,0
coin envelope 4,1,0
coffeemate hazelnut,1,0
coffee tray,1,0
coffee sugar,1,0
coffee grounds,1,0
cnmls100ts,1,0
cnm3028c001,1,0
cnm3024c001,1,0
cnm crtdg054hbk,1,0
cms-1450,1,0
cms 1500 free fillable pdf template,1,0
cms 1500 form envelope,1,0
cms 1450,1,0
cm ruler,1,0
club larry,1,0
closed sides keep your files securely contained open top allows quick insertion and removal of items thumb-cut front offers easy access to files or documents heavyweight construction keeps papers securely organized designed for letter-size items br ul li>,1,0
clorox clean up gallon,1,0
clock,1,0
clo79120,1,0
clo30966,1,0
clipboards bulk,1,0
clipboard organizer rack,1,0
clearing cache on android,1,0
clearance sale,1,0
clearance,1,0
clear view highlighters,1,0
clear tab dividers,1,0
clear plate,1,0
clear front pocket folder,1,0
clear folder,1,0
clear cup,1,0
clear cache vs clear data,1,0
clear cache,1,0
cleanre,1,0
cleaning supply,1,0
cleaning supplies,1,0
cleaning solution,1,0
claw,1,0
classification and partition folders,1,0
classification & partition folders,1,0
clasp folder,1,0
clasp envelope,1,0
clasp 6x9,1,0
clasp 10x13,1,0
christmas car,1,0
christmas,1,0
chick in time,1,0
chex mix,1,0
cheque envelope,1,0
cheese it,1,0
checkbook binder,1,0
checkbook,1,0
check templates,1,0
check stock blank laser & inkjet,1,0
check perforated,1,0
check binder,1,0
charmin,1,0
change manager,1,0
change,1,0
chalkboard,1,0
chalk and whiteboard eraser,1,0
chair mats,1,0
chair,1,0
certifications,1,0
certificates of completion,1,0
certificate template,1,0
ceo,1,0
cellophane tape,1,0
cd30336,1,0
cc10b20,1,0
catalo request,1,0
cat5,1,0
cat insta haahtags,1,0
case paper,1,0
case of letter size copy paper,1,0
carton tape,1,0
carton sealing tape,1,0
carry out,1,0
carper,1,0
caribou,1,0
carbonated drinks,1,0
capacity staples,1,0
canon gpr-31 compatible toner cyan 27000 page yield,1,0
canon cartridges,1,0
canon 120,1,0
candles,1,0
cancelling an order,1,0
canada,1,0
can you date an evelope,1,0
can you buy stamps at the post office that is closed,1,0
can u handwrite tax return,1,0
can u date the envolope,1,0
can the state accept hand written 1099 forms,1,0
can i buy stamps in the mail,1,0
can i buy postage stamps from the ups store,1,0
cam 13539,1,0
calligraphy pen,1,0
call off form,1,0
call,1,0
calenders,1,0
calendar monthly dividers,1,0
calendar at a glance,1,0
calculator tape,1,0
calculating tape,1,0
cal wire mark 2,1,0
caimbridge,1,0
cagle,1,0
cad paper roll,1,0
cable tie,1,0
bwktranscup16ct,1,0
bwksh900sbbw,1,0
bwk902,1,0
bwk6254b,1,0
bwk6180,1,0
bwk6100b,1,0
bwk,1,0
bvcvt640209650,1,0
bvcea49145026,1,0
butyl,1,0
business source storage clipboards letter size low profile clip natural aluminum,1,0
business size heavy duty envelopes,1,0
business pink card,1,0
business forms,1,0
business envelopes with return,1,0
business envelopes double window security tint for quickbooks,1,0
business envelopes 8 double window security check envelopes for quickbooks flip and seal 500-pack × 1 30.99,1,0
business card book,1,0
business blank check,1,0
burnout,1,0
burger king coupons,1,0
bun230010006,1,0
bulliten,1,0
bulletin board,1,0
bullet journal,1,0
bulkerasers,1,0
bulk ink printer,1,0
bulk erasers,1,0
bug,1,0
budget binder,1,0
bubble mailer sizes,1,0
bubble mailer size,1,0
bubble envelopes,1,0
bss=92588-00,1,0
bss92588326,1,0
bss925881027,1,0
bss92588035,1,0
bss92588009,1,0
bss92588005,1,0
bss92588002,1,0
bss92588-001,1,0
bss92588,1,0
bss925588005,1,0
bss02588,1,0
bss-ew-oh5a-ipqj,1,0
bss-9``2`588-131213,1,0
bss-952588-009,1,0
bss-92688,1,0
bss-925880042,1,0
bss-92588001,1,0
bss-92588-912,1,0
bss-92588-904,1,0
bss-92588-903,1,0
bss-92588-901,1,0
bss-92588-803,1,0
bss-92588-801,1,0
bss-92588-785,1,0
bss-92588-777,1,0
bss-92588-771,1,0
bss-92588-766,1,0
bss-92588-758,1,0
bss-92588-756,1,0
bss-92588-755,1,0
bss-92588-754,1,0
bss-92588-753,1,0
bss-92588-750,1,0
bss-92588-749,1,0
bss-92588-746,1,0
bss-92588-741,1,0
bss-92588-740,1,0
bss-92588-739,1,0
bss-92588-738,1,0
bss-92588-737,1,0
bss-92588-736,1,0
bss-92588-724,1,0
bss-92588-715,1,0
bss-92588-714,1,0
bss-92588-713,1,0
bss-92588-710,1,0
bss-92588-704,1,0
bss-92588-703,1,0
bss-92588-602,1,0
bss-92588-428,1,0
bss-92588-422,1,0
bss-92588-408,1,0
bss-92588-404v,1,0
bss-92588-395,1,0
bss-92588-394,1,0
bss-92588-393,1,0
bss-92588-392,1,0
bss-92588-391,1,0
bss-92588-390,1,0
bss-92588-384m,1,0
bss-92588-384,1,0
bss-92588-381,1,0
bss-92588-377,1,0
bss-92588-373,1,0
bss-92588-369,1,0
bss-92588-361m,1,0
bss-92588-357,1,0
bss-92588-356,1,0
bss-92588-343,1,0
bss-92588-328 folders,1,0
bss-92588-327,1,0
bss-92588-320,1,0
bss-92588-319,1,0
bss-92588-318,1,0
bss-92588-317,1,0
bss-92588-316,1,0
bss-92588-313,1,0
bss-92588-306,1,0
bss-92588-305,1,0
bss-92588-303,1,0
bss-92588-3010,1,0
bss-92588-203,1,0
bss-92588-1090,1,0
bss-92588-1088,1,0
bss-92588-1085,1,0
bss-92588-1084,1,0
bss-92588-1082,1,0
bss-92588-1072,1,0
bss-92588-1071,1,0
bss-92588-1055,1,0
bss-92588-1052,1,0
bss-92588-1043,1,0
bss-92588-104,1,0
bss-92588-1039,1,0
bss-92588-1008,1,0
bss-92588-10-50,1,0
bss-92588-080,1,0
bss-92588-07,1,0
bss-92588-038,1,0
bss-92588-021,1,0
bss-92588-016,1,0
bss-92588-00,1,0
bss-92586-012,1,0
bss-92583-004,1,0
bss-9258001,1,0
bss-9258-036,1,0
bss-9258-020,1,0
bss-9258-001,1,0
bss-9258--036,1,0
bss-925688-005,1,0
bss-92566-004,1,0
bss-925588-020,1,0
bss-925588,1,0
bss-92558-315,1,0
bss-92558-1043,1,0
bss-925-88-1043,1,0
bss-92488-004,1,0
bss-920588-303,1,0
bss-82588-1024,1,0
bss-82588-012,1,0
bss-82588-001,1,0
bss-714,1,0
bss-7104,1,0
bss-7005,1,0
bss-3010,1,0
bss--2588-12,1,0
bss--2588-012,1,0
bss bss-92588-318,1,0
bss 925881039,1,0
bsn99709,1,0
bsn98101,1,0
bsn68490,1,0
bsn65364bsn65364,1,0
bsn6529,1,0
bsn65261bx,1,0
bsn36681,1,0
bsn36619,1,0
bsn26758,1,0
bsn17213,1,0
bsn09955,1,0
bsn01808,1,0
bsn 99722,1,0
bsn 42122,1,0
bsn 36666,1,0
bs3-92588-007,1,0
browser history meaning,1,0
browser history basics,1,0
brown roll,1,0
brown paper towel,1,0
brown paper bag with handles,1,0
brown hand towel,1,0
brown folders,1,0
brown bags,1,0
brown,1,0
brother tze-2312,1,0
brother label printers,1,0
brother label making,1,0
brother comp,1,0
briefcase,1,0
breakroom,1,0
brandon ms,1,0
brand awareness,1,0
brand,1,0
brainstorming,1,0
brainstorm,1,0
brads,1,0
boxes of legal paper,1,0
box cutter,1,0
bowel,1,0
boston 135,1,0
bostich t15,1,0
boss certificate,1,0
bos cutter,1,0
boring jobs,1,0
bookbags,1,0
book tape,1,0
book mailer,1,0
book bags,1,0
body language,1,0
boardwalk dispenser,1,0
boardeoom,1,0
blue tapw,1,0
blue tabs,1,0
blue summit supply stapler,1,0
blue summit supplies plastic pocket folders prongs multicolor 6 pack,1,0
blue summit supplies medical claims forms cms-1500,1,0
blue summit supplies logo,1,0
blue summit supplies index dividers,1,0
blue summit supplies heavy duty stapler,1,0
blue summit supplies hanging file folders letter 3 expansion assorted bright 25 pack,1,0
blue summit supplies hanging file folders label printer,1,0
blue summit supplies file folders letter size 1/3 tab cut manila 100-pack,1,0
blue summit supplies file folders legal size 1/3 tab cut teal,1,0
blue summit supplies file folders,1,0
blue summit supplies extra capacity hanging file,1,0
blue summit supplies classification folders letter size 3-divider tab cut blue 10 pack,1,0
blue summit supplies classification folders letter size 1-divider tab cut dark blue bulk,1,0
blue summit supplies classication folders letter size 1-divider tab cut dark blue 10 pack sku bss-92588-342,1,0
blue summit supplies check stock blank security checks letter size 3-part perforated 500-pack,1,0
blue summit supplies chaquetas de archivo de 2.0 in lengüeta de corte recto reforzada bolsillo de expansión de 2.0 in tamaño de carta colores surtidos 25 unidades,1,0
blue summit supplies business envelopes 9 double window security check envelopes for quickbooks flip and seal 500-pack,1,0
blue summit supplies business envelopes 8 double window security check envelopes for quickbooks flip and seal 500-pack × 1 30.99,1,0
blue summit supplies business envelopes 8 double window security check envelopes for quickbooks flip and seal 500-pack × 1,1,0
blue summit supplies business envelopes 8 double window security check envelopes for quickbooks 500,1,0
blue summit supplies borrador,1,0
blue summit supplies blue file folders with fasteners file folders legal size 1/3 cut reinforced tabs durable 2 prongs designed to organize standard medical or law files 50 pack,1,0
blue summit supplies 9 invoice envelopes,1,0
blue summit supplies 8 business envelopes double window security tint for quickbooks flip & seal 500 pack,1,0
blue summit supplies 500 6 3/4 remittance envelopes with gummed seal for donations checks or cash 6 1/2 x 3 5/8 blank white remit envelopes perfect for church or nonprofit use 500 count,1,0
blue summit supplies 3 ring binder dividers with reinforced edge 1/5 cut tabs letter size 3 hole punch section index dividers for binders,1,0
blue summit supplies 10 envelope 24 lb,1,0
blue summit bond rolls,1,0
blue roll,1,0
blue plastic 2 pocket flolders with business card slot,1,0
blue mech pen,1,0
blue letter sized file folder,1,0
blue ink pens,1,0
blue end tap filling folders,1,0
bls100605,1,0
blog,1,0
bll-92588-003,1,0
blank w2 and 1099 forms,1,0
blank w2 3-up tax form,1,0
blank w-2 forms,1,0
blank w-2 4 up tax forms,1,0
blank check stock template,1,0
blank check stock,1,0
blank check in middle,1,0
blank 3 up 1099,1,0
black envelopes,1,0
bl57-c,1,0
bl11yrl,1,0
bl11yel,1,0
birdrock home,1,0
binding spine,1,0
bindersbsn26955,1,0
binders 8 1/2 x 14 that include width for sheet protectors,1,0
binder white 5 1/2,1,0
binder template,1,0
binder tab template,1,0
binder rings,1,0
binder for school,1,0
binder for 5.5 x 8.5,1,0
binder dividers 1/8 cut tabs,1,0
binder divider for 5 1/2 x 8 inch binder,1,0
binder cover,1,0
billing forms,1,0
big tab dividers,1,0
bicwotap10,1,0
bic wite out,1,0
bic quick,1,0
bic pens,1,0
bic pen,1,0
bic gdem11bk,1,0
bic ezcorrect,1,0
beverage,1,0
betteries,1,0
best whiteboard markers,1,0
best portable hepa filtration units for the workplace,1,0
best envelope for mailing books,1,0
best boss certificate,1,0
beach theme,1,0
bcc10b20,1,0
bbs-92588-902,1,0
batteris,1,0
batteries,1,0
bathroom,1,0
barrier tape,1,0
banks in allenstown new hampshirr,1,0
bankers boxes,1,0
bankers box stor/file medium-duty storage boxes with lift-off lid legal 12 pack,1,0
bang tail,1,0
band aids,1,0
band aid,1,0
bamboo color,1,0
bamboo,1,0
bad-92588-033,1,0
bad day,1,0
backpacks,1,0
b8 envelopes,1,0
b8 1/4,1,0
b600 bostitch,1,0
b5ss92588-012,1,0
b55-92588-327,1,0
b53-92588-007,1,0
b5 paper,1,0
b paper sizes,1,0
award holder,1,0
avery matte clear,1,0
avery labels 8160,1,0
avery labels 5160,1,0
avery binder blue,1,0
avery binder,1,0
avery 5266,1,0
avery 22822,1,0
avery 11125,1,0
avery 1 binders,1,0
avery,1,0
ave98096,1,0
ave5366,1,0
ave47811,1,0
ave11330,1,0
ave11134,1,0
austin libraries near me,1,0
attention to a person on an envelope,1,0
attention on envelope,1,0
attention,1,0
attendance records,1,0
attendance record,1,0
attendance calendars,1,0
attendance,1,0
atropine,1,0
at-a-glance,1,0
at a glance calendar,1,0
astrobright,1,0
assisted living & persons name which first,1,0
assistant office manager,1,0
asianet news latest,1,0
arrow flags,1,0
armorall,1,0
arch file,1,0
arcc,1,0
april fool,1,0
aprazo side effects,1,0
app store open,1,0
ape318524,1,0
apdffltr,1,0
any less than a 10mm staple,1,0
ans69210m,1,0
anime,1,0
animal crackers,1,0
animal,1,0
amazon basic divider,1,0
allergies sticker,1,0
alcohol wipe,1,0
alcohol,1,0
alabama goods,1,0
ajax,1,0
air freshener can,1,0
air filtration,1,0
air filter,1,0
air dust,1,0
air circulation,1,0
aguave,1,0
agenda,1,0
agave,1,0
affresh,1,0
adx7,1,0
adx,1,0
adhesive note,1,0
addressing an a4 envelope,1,0
address envelope,1,0
address book,1,0
address application letter,1,0
adding tape,1,0
adding receipt,1,0
adding machine tape,1,0
adding machine ribbon,1,0
adding machine,1,0
active listening,1,0
ace liner 502,1,0
acco ring binders,1,0
acco paper clip,1,0
acco brands,1,0
acc732365,1,0
acc72380,1,0
abfwsp20232,1,0
abfsc115-4d,1,0
abf sc1182,1,0
abbreviations,1,0
aag031054005,1,0
a7 envelopes,1,0
a7 envelope,1,0
a5 paper,1,0
a4 pads,1,0
a4 by legal,1,0
a4 binder size,1,0
a4 binder,1,0
a2 4 3/8 x 5 3/4 envelope,1,0
a-z 5 x 8 index card dividers,1,0
a sturdy guide to conformer envelopes,1,0
a number line envelope,1,0
a folder with many columns,1,0
a complete guide to business filing,1,0
a b c template,1,0
9z-hsy1-xnhc,1,0
9x13,1,0
9x 15,1,0
99716,1,0
925888-001,1,0
925888,1,0
92588365,1,0
92588021,1,0
92588001,1,0
92588-036,1,0
92588-021,1,0
92588-020,1,0
92588-008,1,0
92588-006,1,0
92588-004,1,0
92588-002,1,0
92552,1,0
92026,1,0
91663,1,0
9/16 staples,1,0
9 x 15,1,0
9 single window size,1,0
9 security tint envelopes no window,1,0
9 remittance envelopes,1,0
9 plain envelopes,1,0
9 peel & seal,1,0
9 invoices envelopes,1,0
9 full window envelopes,1,0
9 envelopes with 2 windows,1,0
9 envelopes for checks,1,0
9 envelope fold flap,1,0
9 double window security envelopes for quickbooks invoices self seal 500 count,1,0
9 double window security envelopes for quickbooks invoices self seal,1,0
9 double window security envelopes for quickbooks invoices,1,0
9 double window security envelopes flip and seal 500 count × 1,1,0
9 double window security envelopes flip and seal 500 count sku ri-u0j3-zqp0,1,0
9 double window security envelopes flip and seal 500 count 9 double window security envelopes flip and seal,1,0
9 double window security envelopes flip and,1,0
9 double window security,1,0
9 double window flip & seal envelopes,1,0
9 double window envelopes 3 7/8 x 8 7/8,1,0
9 check envelope,1,0
8onehalfx11,1,0
8mm 24mm,1,0
858213007695,1,0
855-92588-012,1,0
84099,1,0
821276287946,1,0
81672,1,0
80 series staple,1,0
8.50x14,1,0
8.5 x 14 paper,1,0
8.5 x 11,1,0
8.5 x 10 binder,1,0
8.5 in x 12 in,1,0
8.5 by 11 inches what is the dimensions,1,0
8-3/4 x 3-1/2,1,0
8 tab templates,1,0
8 mm staples,1,0
8 mm staple,1,0
8 flip and seal window envelope,1,0
8 flip and seal,1,0
8 envelopes no moisture requires,1,0
8 double window security envelopes flap,1,0
8 double window security check envelopes for quickbooks self seal 500 count × 2,1,0
8 double window security check envelopes for quickbooks self seal 500 count × 1$30.99,1,0
8 double window security check envelopes for quickbooks gummed seal 500 count,1,0
8 double window security check envelopes for quickbooks gummed seal,1,0
8 double window security check envelopes for quickbooks flip and seal 500-pack × 1,1,0
8 double window security check envelopes for quickbooks flip and seal,1,0
8 double window security check envelope for quickbooks,1,0
8 double window envelopes,1,0
8 double security windows,1,0
8 double security,1,0
8 crayons,1,0
8 business envelopes double window security tint for quickbooks flip & seal 500 pack,1,0
8 business envelopes double window security tint for quickbooks,1,0
8 business envelope,1,0
8 5/8 window envelope,1,0
8 1/2 x 9,1,0
8 1/2 x 11 copy paper,1,0
8 1/2 x 11 copie paper,1,0
7a-nu7x-tmtv,1,0
75 cent stamp,1,0
74403,1,0
7350016646906,1,0
7164117191,1,0
702xl,1,0
70-950-05,1,0
7 staples,1,0
7 staple,1,0
7 mm staples,1,0
7 coin envelopes,1,0
7 bubble mailer,1,0
6x9 self sealing envelopes easily,1,0
6x9 red envelopes,1,0
6x9 catalog,1,0
6x10,1,0
6oz,1,0
6mm staplesnovus,1,0
6mm,1,0
63021,1,0
6103e25,1,0
600 brown,1,0
"6""x9",1,0
6 x 9 poly envelope mailers,1,0
6 x 9 envelopes template,1,0
6 x 9 envelopes,1,0
6 x 9 booklet envelope open side window,1,0
6 x 6 labels,1,0
6 ring binder sizes,1,0
6 ring binder 3 x 6,1,0
6 part w2 2021 with envelopes,1,0
6 coin,1,0
6 3/4 security,1,0
6 1/2 x 9,1,0
5x7 envelope,1,0
5650e25,1,0
5388,1,0
53350,1,0
52902730bs20,1,0
5167,1,0
50790,1,0
500#10 self seal double window security envelopes-perfect size for multiple business statements quickbooks invoices and return envelopes 4 1/8 x 9,1,0
500#10 self seal double window,1,0
500 slip press seal check envelopes 3 5/8 x 8 11/16,1,0
500 self seal quickbooks double window security check envelopes for business laser checks ultra security tinted self adhesive peel & seal white size 3 5/8 x 8 11/16,1,0
500 self seal double not for invoices,1,0
500 no 9 flip and seal envelopes,1,0
500 no 9 flip and seal,1,0
500 no 8 flip and seal double window security check envelopes designed for quickbooks printed checks number 8 size 3 5/8 inch x 8 11/16 inch,1,0
500 no 8 flip and seal double window security check envelopes,1,0
500 no 10 gummed double window 4 1/8 x 9 1/2,1,0
500 no 10 gummed double window,1,0
500 gummed double window security envelopse,1,0
500 flip press seal check,1,0
500 flip press check,1,0
500 envelopes w2,1,0
500 9 double window security seal flap,1,0
500 10 self seal security with peel and seal flap,1,0
"50,000 staples standard 1/4 inch length and 210 staples per strip 26/6 jam free sharp chisel point design 10 boxes of 5,000 staples 50,000 staples total fits standard staplers",1,0
50 orange end tab fastener file folders reinforced straight cut tab durable 2 prongs designed to organize standard medical files receipts office,1,0
50 orange end tab fastener file folders ced straight cut tab durable 2 prongs,1,0
50 manila fastener file folders 1/3 cut reinforced tab durable 2 prongs bonded fastener designed to organize standard medical files law client fi,1,0
5/8 inch binders,1,0
5/8 folder,1,0
5.5 x 8.5 page protectors,1,0
5.5 x 14,1,0
5-tab printable,1,0
5 x 8 index dividers,1,0
5 x 8 index card dividers,1,0
5 x 7 envelopes,1,0
5 x 7 envelope,1,0
5 x 7 clipboard,1,0
5 tab template,1,0
5 tab label template,1,0
5 tab assorted colors 5 dividers,1,0
5 inch binders,1,0
5 binders,1,0
5 1/2 x 8 1/2 binders,1,0
5 1/2 x 8 1/2 3 ring binders,1,0
4x8 mailer,1,0
4oz,1,0
4mm staples,1,0
4cou,1,0
434104,1,0
42 gallon trash bags,1,0
40 gallon trash bags,1,0
4.5 x 9.5 envelopes,1,0
4-14mm steples,1,0
4-14mm,1,0
4 x 3 labels,1,0
4 x 18,1,0
4 ups,1,0
4 up w2,1,0
4 prong letter size folders,1,0
4 prong folders,1,0
4 port usb,1,0
4 fastener folder,1,0
4 drawer filing cabinet,1,0
4 by 8 bubble envelope,1,0
4 1/8 x 9,1,0
4 1/2 x 7 inch binder,1,0
3x5 pads,1,0
3n-6mnb-59ui,1,0
39002,1,0
38597,1,0
384m,1,0
38264,1,0
370143,1,0
36681,1,0
363083,1,0
36 gallon trash bags,1,0
35 2/d,1,0
34201,1,0
33360,1,0
3333-2,1,0
33183,1,0
331-ic1,1,0
300864867145664,1,0
3000t,1,0
30 gallon,1,0
3/8 plastic comb,1,0
3/8 plastic binding,1,0
3/8 crown staple,1,0
3/8 comb,1,0
3/8 by 1/4 staples,1,0
3/8 1/2 9/16,1,0
3/4 width stapler,1,0
3/4 inch,1,0
3/4 in 1 1/2 in,1,0
3-up w2,1,0
3-ring,1,0
3-on-a-page,1,0
3-5/8 in x 8-11/16 in,1,0
3-5/8 8-11/16 check envelopes,1,0
3-1/8-230,1,0
3 x 5 scratch pads,1,0
3 up paper,1,0
3 shipping tape,1,0
3 ring letter size,1,0
3 ring junior binders,1,0
3 ring index dividers 12 sets,1,0
3 ring dividers,1,0
3 ring binder template,1,0
3 ring binder dividers with reinforced edge 1/5 cut tabs letter size 3 hole punch section index dividers for binders white 100 page divider pack,1,0
3 ring binder dividers with reinforced edge 1/5 cut tabs letter size 3 hole punch section index dividers for binders white,1,0
3 ring binder dividers,1,0
3 ring binder 5 1/2 x 8 1/2,1,0
3 part receipts,1,0
3 pack black duct tape,1,0
3 hanging file folder labels,1,0
3 divider labels,1,0
3 by 17 label template,1,0
3 by 17 label,1,0
3 7/8 x 8 7/8 envelopes,1,0
3 1/8 x 190,1,0
3 1/2 x 6 5/8 window envelopes,1,0
2x3,1,0
2oz,1,0
2hole punch,1,0
2ccy12t,1,0
29588,1,0
28 lb paper,1,0
27 mailer,1,0
26758,1,0
26610,1,0
26/6 staple wire,1,0
26/6,1,0
25% cotton paper,1,0
25 notes file folders letter size with lines,1,0
24mm leg staple,1,0
24lb paper,1,0
24lb,1,0
2494852,1,0
2461200,1,0
24549,1,0
240 sheet stapler,1,0
24/6/6,1,0
24/6 staples,1,0
24/6,1,0
24/10 staples,1,0
23vp2t15ca,1,0
23/8 standard paper staplers 8mm leg length 5/16 inch,1,0
23/8 size staples,1,0
23/24 staples,1,0
23/24,1,0
22 pound paper,1,0
22 lb paper,1,0
22 chart sticker,1,0
2171160,1,0
212xl,1,0
2081760,1,0
203349,1,0
2022 weekly planners,1,0
2022 planners,1,0
2022 calendars,1,0
2021 w 2's,1,0
2021 tfp,1,0
2021 tax rite,1,0
2021 tax forms,1,0
2021 tax,1,0
2021 nec,1,0
2021 2 up 1099 blank nec with back instructions,1,0
2021 1099-misc forms,1,0
2021 1099-misc,1,0
2021 1099-int forms,1,0
2021 1099 nec software,1,0
2021 1099 nec forms,1,0
2021 1099 nec 50,1,0
2021 1099,1,0
2021 1098 tax forms,1,0
2021 1098 tax forma,1,0
2021 1096,1,0
2021 100 nec,1,0
2020 1099 nec,1,0
2019 w2,1,0
2019 w-2 forms,1,0
2019 forms,1,0
2018 1096,1,0
2.5 inch bindeer,1,0
2.5 binder,1,0
2 x 4 magnetic labels,1,0
2 x 4 card file,1,0
2 x 3,1,0
2 prong,1,0
2 pocket 3 hole punch,1,0
2 ply paper,1,0
2 inch file jackets reinforced straight cut tab heavy duty 2 inch expansion pocket letter size,1,0
2 inch binder,1,0
2 expansion pocket files,1,0
2 divider file folders,1,0
1bxx521,1,0
19062,1,0
18939,1,0
18 gauge staples,1,0
17x21,1,0
17 x 21,1,0
16oz cups,1,0
16148,1,0
16 oz cups,1,0
16 gauge staples,1,0
15766,1,0
1555-92588-033,1,0
1500 template,1,0
14x8,1,0
143ad,1,0
14093,1,0
13mm crown staples,1,0
13/4-10,1,0
13/10 staples,1,0
13 mm staples,1,0
13 gallon,1,0
12oz cup,1,0
1238661,1,0
1238657,1,0
1238656,1,0
12.5 x 19 mailer,1,0
12.5 x 18 envelope,1,0
12 x 10 envelope,1,0
12 pack packing tape,1,0
12 pack heavy duty packaging tape clear packing tape designed for moving boxes,1,0
12 oz cup,1,0
12 mm wide,1,0
11x17 folders,1,0
11x17 binder,1,0
11845,1,0
118160,1,0
11125 ri213az,1,0
11027,1,0
11/32 staples,1,0
11.4mm staple,1,0
11 x17,1,0
11 x 17 hanging folder,1,0
11 x 17 folder,1,0
11 x 17 certificate folder,1,0
10x17,1,0
10x13 envelopes,1,0
10mm staples,1,0
1099s tfp software has,1,0
1099-s,1,0
1099-nec template,1,0
1099-nec forms for quickbooks,1,0
1099-nec envelopes,1,0
1099-nec envelope,1,0
1099-nec 5-part laser copy a,1,0
1099-nec 4part,1,0
1099-nec 2 up,1,0
1099-misc tax form kits 8 x 5 1/2 5-part inkjet/laser 24 1099s & 1 1096,1,0
1099-misc tax form kits,1,0
1099-div,1,0
1099 template,1,0
1099 tax forms,1,0
1099 patr,1,0
1099 nec forms w envelopes,1,0
1099 nec forms 2021,1,0
1099 nec copy a,1,0
1099 nec 1 part,1,0
1099 misc envelopes 500 count,1,0
1099 int forms fillable,1,0
1099 envelopes 2021,1,0
1099 2021 tax form envelopes,1,0
1099 2021 form printable,1,0
1099 2021 form,1,0
1098t,1,0
1098-t,1,0
1098 tax form 2021,1,0
1098 forms,1,0
1095-c,1,0
10721,1,0
1029432823,1,0
1028972711,1,0
1028972710,1,0
10250,1,0
101038039,1,0
101037711,1,0
101037673,1,0
101037489,1,0
101037488,1,0
101037487,1,0
101037272,1,0
101036634,1,0
101035421,1,0
101035420,1,0
101035419,1,0
101035418,1,0
101035365,1,0
101035286,1,0
101035284,1,0
101034953,1,0
101034952,1,0
101034951,1,0
101034950,1,0
101034949,1,0
101004091,1,0
101004090,1,0
101004089,1,0
101004088,1,0
10018,1,0
10017,1,0
100 9 x 12 self seal golden brown kraft catalog envelopes designed for secure mailing oversize strong peel and seal flap with 28 pound kraft paper 100 envelopes,1,0
"10""x15",1,0
10 x 13 white envelope,1,0
10 x 13 security catalog envelope,1,0
10 x 13 security,1,0
10 white regular envelopes,1,0
10 white regular,1,0
10 staples,1,0
10 single window security envelopes self seal 500 count × 1,1,0
10 single window security envelopes self seal 500 count,1,0
10 self sealing security envelopes,1,0
10 self seal security envelopes two windows,1,0
10 self seal left single window security,1,0
10 security self sealing,1,0
10 security envelopes self seal with eturn address,1,0
10 security envelopes no window,1,0
10 regular envelopes,1,0
10 mil laminating pouches,1,0
10 left single window envelope,1,0
10 left single security,1,0
10 left single,1,0
10 key stapler,1,0
10 gallon waste,1,0
10 gallon trash liners,1,0
10 gallon trash,1,0
10 full window,1,0
10 full face envelopes,1,0
10 full face,1,0
10 envelopes single window easy close,1,0
10 envelopes self seal security no windows,1,0
10 envelopes security self sealing,1,0
10 envelopes flip press seal,1,0
10 envelope 24 lb white,1,0
10 envelope 24 lb,1,0
10 double window security envelopes flip and seal 500 count,1,0
10 double envelopes,1,0
10 custom envelopes,1,0
1/8 transparent template,1,0
1/8 tab cut white,1,0
1/8 tab cut dividers white,1,0
1/8 tab cut dividers,1,0
1/8 cut white divider tabs,1,0
1/5 tab cut label,1,0
1/5 tab cut dividers,1,0
1/5 tab cut divider print template,1,0
1/5 tab cut adhesive label,1,0
1/5 label template,1,0
1/4 length staples,1,0
1/2 pint,1,0
1/2 inch to cm ruler,1,0
1/2 inch binders,1,0
1/2 3 ring binders,1,0
1 round 3-ring binder,1,0
1 part tax nec,1,0
1 3 ring binders,1,0
1 14 mm staple,1,0
1 1/2 white binder,1,0
1 1 bindr,1,0
0r-typw-wr5a,1,0
0l450ws,1,0
05123,1,0
05 vs 08mm pen,1,0
01840,1,0
008r13061,1,0
0015sjf7l,1,0
00094,1,0
0 sticker,1,0
